t_ms,red,ir,stm_glucose,stm_status,stm_sqi
0,79242,110032,,,
10,79204,110012,,,
20,79200,109994,,,
30,79183,109954,,,
40,79166,109949,,,
50,79135,109904,,,
60,79124,109906,,,
70,79130,109910,,,
80,79127,109923,,,
90,79138,109889,,,
100,79136,109926,,,
110,79135,109905,,,
120,79137,109905,,,
130,79133,109930,,,
140,79121,109942,,,
150,79129,109908,,,
160,79143,109921,,,
170,79135,109937,,,
180,79135,109937,,,
190,79114,109899,,,
200,79135,109883,,,
210,79105,109875,,,
220,79068,109827,,,
230,79044,109809,,,
240,79024,109792,,,
250,79035,109744,,,
260,78946,109707,,,
270,78926,109641,,,
280,78936,109635,,,
290,78902,109610,,,
300,78851,109601,,,
310,78871,109545,,,
320,78840,109554,,,
330,78821,109521,,,
340,78845,109545,,,
350,78851,109568,,,
360,78888,109623,,,
370,78979,109711,,,
380,79023,109794,,,
390,79129,109920,,,
400,79237,110068,,,
410,79353,110201,,,
420,79504,110369,,,
430,79639,110564,,,
440,79781,110743,,,
450,79940,110903,,,
460,80056,111065,,,
470,80131,111166,,,
480,80237,111275,,,
490,80259,111314,,,
500,80313,111356,,,
510,80295,111338,,,
520,80257,111291,,,
530,80215,111248,,,
540,80155,111182,,,
550,80061,111110,,,
560,80008,111011,,,
570,79908,110921,,,
580,79860,110836,,,
590,79794,110746,,,
600,79747,110687,,,
610,79698,110625,,,
620,79649,110548,,,
630,79604,110468,,,
640,79523,110435,,,
650,79488,110367,,,
660,79416,110257,,,
670,79357,110183,,,
680,79251,110077,,,
690,79191,109973,,,
700,79083,109845,,,
710,79000,109753,,,
720,78917,109611,,,
730,78836,109513,,,
740,78733,109423,,,
750,78674,109350,,,
760,78629,109283,,,
770,78564,109199,,,
780,78521,109159,,,
790,78487,109127,,,
800,78506,109107,,,
810,78455,109077,,,
820,78453,109100,,,
830,78489,109082,,,
840,78501,109113,,,
850,78524,109155,,,
860,78562,109196,,,
870,78593,109232,,,
880,78651,109335,,,
890,78721,109410,,,
900,78756,109471,,,
910,78843,109558,,,
920,78943,109664,,,
930,78993,109736,,,
940,79074,109855,,,
950,79160,109942,,,
960,79223,110017,,,
970,79292,110126,,,
980,79363,110197,,,
990,79410,110260,,,
1000,79210,110031,,,
1010,79211,110017,,,
1020,79202,109992,,,
1030,79179,109977,,,
1040,79142,109957,,,
1050,79160,109943,,,
1060,79103,109926,,,
1070,79122,109898,,,
1080,79116,109915,,,
1090,79128,109884,,,
1100,79125,109913,,,
1110,79131,109905,,,
1120,79127,109923,,,
1130,79133,109905,,,
1140,79117,109932,,,
1150,79120,109930,,,
1160,79133,109924,,,
1170,79152,109931,,,
1180,79134,109912,,,
1190,79120,109912,,,
1200,79115,109911,,,
1210,79084,109893,,,
1220,79061,109854,,,
1230,79053,109815,,,
1240,79021,109773,,,
1250,78994,109748,,,
1260,78967,109703,,,
1270,78941,109696,,,
1280,78917,109637,,,
1290,78883,109608,,,
1300,78867,109590,,,
1310,78847,109543,,,
1320,78817,109533,,,
1330,78836,109512,,,
1340,78820,109539,,,
1350,78865,109542,,,
1360,78885,109623,,,
1370,78928,109699,,,
1380,79014,109795,,,
1390,79159,109909,,,
1400,79232,110040,,,
1410,79375,110217,,,
1420,79520,110372,,,
1430,79683,110575,,,
1440,79780,110767,,,
1450,79930,110905,,,
1460,80040,111056,,,
1470,80144,111189,,,
1480,80211,111267,,,
1490,80251,111336,,,
1500,80306,111358,,,
1510,80281,111346,,,
1520,80244,111326,,,
1530,80212,111272,,,
1540,80169,111174,,,
1550,80098,111082,,,
1560,80005,110996,,,
1570,79931,110896,,,
1580,79852,110812,,,
1590,79799,110760,,,
1600,79731,110691,,,
1610,79711,110612,,,
1620,79633,110562,,,
1630,79590,110512,,,
1640,79528,110425,,,
1650,79488,110378,,,
1660,79400,110281,,,
1670,79334,110186,,,
1680,79269,110088,,,
1690,79181,109977,,,
1700,79100,109842,,,
1710,79016,109751,,,
1720,78900,109645,,,
1730,78834,109540,,,
1740,78746,109426,,,
1750,78694,109355,,,
1760,78611,109270,,,
1770,78581,109224,,,
1780,78540,109163,,,
1790,78484,109106,,,
1800,78481,109098,,,
1810,78469,109072,,,
1820,78453,109096,,,
1830,78460,109115,,,
1840,78491,109123,,,
1850,78492,109164,,,
1860,78558,109197,,,
1870,78608,109257,,,
1880,78663,109300,,,
1890,78702,109401,,,
1900,78788,109479,,,
1910,78828,109541,,,
1920,78940,109662,,,
1930,79022,109753,,,
1940,79066,109867,,,
1950,79162,109914,,,
1960,79216,110027,,,
1970,79305,110137,,,
1980,79346,110208,,,
1990,79391,110256,,,
2000,79246,110032,,,
2010,79224,110023,,,
2020,79204,110005,,,
2030,79172,109985,,,
2040,79165,109955,,,
2050,79147,109934,,,
2060,79122,109923,,,
2070,79109,109917,,,
2080,79122,109921,,,
2090,79128,109922,,,
2100,79144,109913,,,
2110,79144,109913,,,
2120,79124,109920,,,
2130,79133,109902,,,
2140,79129,109927,,,
2150,79132,109923,,,
2160,79138,109924,,,
2170,79160,109931,,,
2180,79154,109916,,,
2190,79143,109923,,,
2200,79123,109905,,,
2210,79114,109880,,,
2220,79064,109845,,,
2230,79058,109828,,,
2240,79033,109789,,,
2250,78983,109751,,,
2260,78950,109698,,,
2270,78948,109692,,,
2280,78907,109654,,,
2290,78889,109622,,,
2300,78850,109577,,,
2310,78844,109570,,,
2320,78823,109522,,,
2330,78814,109535,,,
2340,78829,109542,,,
2350,78879,109548,,,
2360,78895,109630,,,
2370,78944,109681,,,
2380,79030,109790,,,
2390,79122,109934,,,
2400,79243,110060,,,
2410,79354,110209,,,
2420,79482,110375,,,
2430,79655,110543,,,
2440,79798,110719,,,
2450,79912,110911,,,
2460,80042,111052,,,
2470,80163,111172,,,
2480,80202,111280,,,
2490,80248,111327,,,
2500,80293,111340,,,
2510,80257,111341,,,
2520,80247,111332,,,
2530,80193,111278,,,
2540,80141,111195,,,
2550,80072,111082,,,
2560,80020,111018,,,
2570,79935,110907,,,
2580,79867,110819,,,
2590,79810,110774,,,
2600,79739,110688,,,
2610,79690,110623,,,
2620,79632,110575,,,
2630,79604,110522,,,
2640,79559,110446,,,
2650,79476,110354,,,
2660,79423,110294,,,
2670,79341,110187,,,
2680,79248,110071,,,
2690,79165,109962,,,
2700,79070,109849,,,
2710,79006,109727,,,
2720,78893,109625,,,
2730,78823,109518,,,
2740,78756,109461,,,
2750,78688,109362,,,
2760,78625,109291,,,
2770,78549,109216,,,
2780,78525,109161,,,
2790,78491,109117,,,
2800,78458,109090,,,
2810,78454,109082,,,
2820,78475,109061,,,
2830,78461,109108,,,
2840,78495,109103,,,
2850,78546,109149,,,
2860,78545,109210,,,
2870,78624,109243,,,
2880,78640,109301,,,
2890,78711,109379,,,
2900,78799,109475,,,
2910,78844,109557,,,
2920,78925,109669,,,
2930,78981,109738,,,
2940,79086,109829,,,
2950,79159,109933,,,
2960,79212,110049,,,
2970,79304,110122,,,
2980,79351,110197,,,
2990,79415,110279,,,
3000,79225,110030,,,
3010,79196,110021,,,
3020,79224,109992,,,
3030,79173,109971,,,
3040,79163,109941,,,
3050,79144,109906,,,
3060,79125,109919,,,
3070,79128,109885,,,
3080,79103,109901,,,
3090,79130,109910,,,
3100,79143,109921,,,
3110,79101,109903,,,
3120,79120,109910,,,
3130,79126,109908,,,
3140,79141,109931,,,
3150,79155,109912,,,
3160,79141,109939,,,
3170,79146,109932,,,
3180,79129,109939,,,
3190,79127,109910,,,
3200,79096,109885,,,
3210,79112,109890,,,
3220,79082,109855,,,
3230,79056,109801,,,
3240,79014,109782,,,
3250,78998,109743,,,
3260,78977,109697,,,
3270,78936,109665,,,
3280,78912,109652,,,
3290,78884,109625,,,
3300,78855,109586,,,
3310,78820,109537,,,
3320,78820,109529,,,
3330,78826,109531,,,
3340,78842,109534,,,
3350,78865,109565,,,
3360,78878,109638,,,
3370,78954,109708,,,
3380,79032,109795,,,
3390,79129,109910,,,
3400,79244,110053,,,
3410,79393,110224,,,
3420,79518,110362,,,
3430,79658,110565,,,
3440,79754,110739,,,
3450,79908,110896,,,
3460,80054,111027,,,
3470,80158,111177,,,
3480,80192,111283,,,
3490,80265,111326,,,
3500,80265,111356,,,
3510,80290,111340,,,
3520,80250,111326,,,
3530,80233,111250,,,
3540,80147,111186,,,
3550,80058,111095,,,
3560,79988,110989,,,
3570,79949,110921,,,
3580,79853,110829,,,
3590,79796,110740,,,
3600,79742,110655,,,
3610,79697,110636,,,
3620,79658,110545,,,
3630,79604,110500,,,
3640,79558,110438,,,
3650,79483,110348,,,
3660,79426,110282,,,
3670,79352,110174,,,
3680,79254,110081,,,
3690,79182,109963,,,
3700,79090,109825,,,
3710,78981,109737,,,
3720,78924,109635,,,
3730,78839,109517,,,
3740,78753,109439,,,
3750,78684,109342,,,
3760,78606,109273,,,
3770,78565,109196,,,
3780,78549,109164,,,
3790,78512,109100,,,
3800,78468,109094,,,
3810,78477,109079,,,
3820,78466,109045,,,
3830,78464,109115,,,
3840,78486,109128,,,
3850,78516,109153,,,
3860,78550,109206,,,
3870,78618,109247,,,
3880,78634,109333,,,
3890,78724,109411,,,
3900,78783,109497,,,
3910,78836,109572,,,
3920,78897,109652,,,
3930,78981,109748,,,
3940,79078,109848,,,
3950,79170,109953,,,
3960,79211,110040,,,
3970,79306,110116,,,
3980,79345,110197,,,
3990,79420,110281,,,
4000,79233,110036,,,
4010,79215,110028,,,
4020,79216,109982,,,
4030,79174,109955,,,
4040,79152,109927,,,
4050,79134,109929,,,
4060,79119,109892,,,
4070,79131,109904,,,
4080,79114,109916,,,
4090,79133,109903,,,
4100,79145,109898,,,
4110,79134,109904,,,
4120,79132,109900,,,
4130,79136,109928,,,
4140,79149,109906,,,
4150,79121,109931,,,
4160,79138,109906,,,
4170,79139,109913,,,
4180,79143,109932,,,
4190,79113,109936,,,
4200,79110,109900,,,
4210,79100,109883,,,
4220,79075,109847,,,
4230,79057,109836,,,
4240,79035,109771,,,
4250,79020,109744,,,
4260,78975,109713,,,
4270,78971,109657,,,
4280,78912,109638,,,
4290,78901,109600,,,
4300,78868,109587,,,
4310,78852,109563,,,
4320,78829,109521,,,
4330,78832,109544,,,
4340,78826,109528,,,
4350,78854,109563,,,
4360,78900,109628,,,
4370,78948,109683,,,
4380,79047,109787,,,
4390,79132,109905,,,
4400,79236,110044,,,
4410,79372,110210,,,
4420,79511,110374,,,
4430,79645,110569,,,
4440,79809,110729,,,
4450,79926,110915,,,
4460,80057,111054,,,
4470,80138,111203,,,
4480,80221,111284,,,
4490,80270,111334,,,
4500,80299,111365,,,
4510,80287,111366,,,
4520,80262,111322,,,
4530,80198,111261,,,
4540,80151,111181,,,
4550,80094,111086,,,
4560,79991,110994,,,
4570,79938,110945,,,
4580,79864,110807,,,
4590,79803,110726,,,
4600,79743,110688,,,
4610,79711,110617,,,
4620,79634,110552,,,
4630,79608,110506,,,
4640,79562,110432,,,
4650,79488,110347,,,
4660,79432,110269,,,
4670,79340,110170,,,
4680,79274,110071,,,
4690,79182,109953,,,
4700,79081,109858,,,
4710,78998,109745,,,
4720,78927,109623,,,
4730,78828,109549,,,
4740,78747,109421,,,
4750,78664,109333,,,
4760,78628,109270,,,
4770,78559,109218,,,
4780,78552,109157,,,
4790,78505,109111,,,
4800,78475,109093,,,
4810,78459,109087,,,
4820,78485,109074,,,
4830,78453,109118,,,
4840,78505,109119,,,
4850,78548,109151,,,
4860,78544,109211,,,
4870,78595,109249,,,
4880,78678,109323,,,
4890,78711,109377,,,
4900,78754,109465,,,
4910,78842,109567,,,
4920,78913,109645,,,
4930,78990,109753,,,
4940,79071,109833,,,
4950,79171,109922,,,
4960,79230,110037,,,
4970,79296,110123,,,
4980,79348,110224,,,
4990,79415,110281,,,
5000,79248,110044,,,
5010,79224,110023,,,
5020,79222,109999,,,
5030,79196,109959,,,
5040,79169,109952,,,
5050,79144,109926,,,
5060,79142,109916,,,
5070,79142,109933,,,
5080,79129,109895,,,
5090,79130,109910,,,
5100,79118,109904,,,
5110,79123,109919,,,
5120,79158,109909,,,
5130,79133,109910,,,
5140,79136,109905,,,
5150,79148,109937,,,
5160,79106,109919,,,
5170,79139,109936,,,
5180,79138,109916,,,
5190,79137,109918,,,
5200,79120,109903,,,
5210,79105,109874,,,
5220,79093,109848,,,
5230,79044,109800,,,
5240,79020,109788,,,
5250,78979,109761,,,
5260,78962,109706,,,
5270,78949,109669,,,
5280,78908,109641,,,
5290,78893,109605,,,
5300,78866,109587,,,
5310,78847,109555,,,
5320,78849,109543,,,
5330,78830,109539,,,
5340,78828,109540,,,
5350,78871,109583,,,
5360,78908,109608,,,
5370,78959,109694,,,
5380,79040,109778,,,
5390,79132,109915,,,
5400,79233,110047,,,
5410,79370,110216,,,
5420,79512,110381,,,
5430,79658,110566,,,
5440,79783,110737,,,
5450,79926,110886,,,
5460,80047,111045,,,
5470,80132,111169,,,
5480,80190,111256,,,
5490,80287,111332,,,
5500,80263,111355,,,
5510,80285,111362,,,
5520,80261,111298,,,
5530,80200,111250,,,
5540,80146,111194,,,
5550,80060,111095,,,
5560,79988,111006,,,
5570,79921,110904,,,
5580,79867,110837,,,
5590,79816,110760,,,
5600,79758,110683,,,
5610,79709,110607,,,
5620,79650,110553,,,
5630,79595,110499,,,
5640,79552,110451,,,
5650,79502,110357,,,
5660,79418,110277,,,
5670,79357,110175,,,
5680,79270,110061,,,
5690,79188,109971,,,
5700,79075,109857,,,
5710,78997,109737,,,
5720,78884,109639,,,
5730,78831,109546,,,
5740,78758,109428,,,
5750,78686,109343,,,
5760,78611,109274,,,
5770,78569,109196,,,
5780,78526,109145,,,
5790,78514,109140,,,
5800,78476,109078,,,
5810,78472,109097,,,
5820,78485,109081,,,
5830,78468,109114,,,
5840,78491,109108,,,
5850,78532,109147,,,
5860,78550,109175,,,
5870,78615,109263,,,
5880,78670,109332,,,
5890,78746,109407,,,
5900,78773,109471,,,
5910,78852,109562,,,
5920,78919,109670,,,
5930,79012,109747,,,
5940,79084,109856,,,
5950,79146,109933,,,
5960,79225,110030,,,
5970,79299,110129,,,
5980,79359,110217,,,
5990,79418,110262,,,
6000,79222,110038,,,
6010,79193,110037,,,
6020,79189,110017,,,
6030,79181,109988,,,
6040,79161,109955,,,
6050,79146,109923,,,
6060,79133,109914,,,
6070,79119,109890,,,
6080,79140,109908,,,
6090,79143,109903,,,
6100,79124,109925,,,
6110,79117,109902,,,
6120,79139,109934,,,
6130,79146,109910,,,
6140,79137,109925,,,
6150,79124,109940,,,
6160,79146,109937,,,
6170,79137,109946,,,
6180,79124,109919,,,
6190,79139,109917,,,
6200,79116,109892,,,
6210,79102,109881,,,
6220,79086,109843,,,
6230,79047,109809,,,
6240,79034,109754,,,
6250,78990,109775,,,
6260,78982,109698,,,
6270,78944,109669,,,
6280,78917,109625,,,
6290,78876,109607,,,
6300,78862,109593,,,
6310,78833,109555,,,
6320,78838,109516,,,
6330,78816,109545,,,
6340,78851,109550,,,
6350,78862,109571,,,
6360,78913,109612,,,
6370,78933,109689,,,
6380,79036,109776,,,
6390,79135,109913,,,
6400,79250,110021,,,
6410,79377,110210,,,
6420,79508,110369,,,
6430,79642,110538,,,
6440,79794,110735,,,
6450,79921,110903,,,
6460,80063,111044,,,
6470,80143,111191,,,
6480,80228,111292,,,
6490,80278,111328,,,
6500,80288,111347,,,
6510,80271,111331,,,
6520,80242,111311,,,
6530,80191,111235,,,
6540,80132,111190,,,
6550,80057,111093,,,
6560,79989,111013,,,
6570,79959,110903,,,
6580,79858,110842,,,
6590,79796,110746,,,
6600,79738,110690,,,
6610,79708,110616,,,
6620,79649,110553,,,
6630,79607,110485,,,
6640,79539,110450,,,
6650,79486,110365,,,
6660,79412,110262,,,
6670,79333,110191,,,
6680,79284,110065,,,
6690,79165,109978,,,
6700,79070,109851,,,
6710,79000,109742,,,
6720,78901,109645,,,
6730,78812,109525,,,
6740,78731,109429,,,
6750,78688,109356,,,
6760,78601,109285,,,
6770,78575,109197,,,
6780,78527,109158,,,
6790,78484,109123,,,
6800,78451,109085,,,
6810,78467,109079,,,
6820,78443,109084,,,
6830,78454,109089,,,
6840,78507,109121,,,
6850,78525,109164,,,
6860,78569,109212,,,
6870,78606,109265,,,
6880,78673,109304,,,
6890,78728,109427,,,
6900,78791,109498,,,
6910,78853,109548,,,
6920,78912,109657,,,
6930,78983,109743,,,
6940,79069,109840,,,
6950,79128,109947,,,
6960,79246,110025,,,
6970,79276,110119,,,
6980,79379,110218,,,
6990,79438,110288,,,
7000,79267,110040,,,
7010,79190,110024,,,
7020,79199,110013,,,
7030,79178,109984,,,
7040,79158,109951,,,
7050,79153,109919,,,
7060,79131,109916,,,
7070,79119,109927,,,
7080,79148,109904,,,
7090,79127,109917,,,
7100,79137,109911,,,
7110,79126,109911,,,
7120,79115,109920,,,
7130,79126,109921,,,
7140,79141,109910,,,
7150,79142,109903,,,
7160,79159,109920,,,
7170,79152,109943,,,
7180,79135,109910,,,
7190,79125,109908,,,
7200,79096,109879,,,
7210,79106,109867,,,
7220,79086,109817,,,
7230,79063,109828,,,
7240,79024,109772,,,
7250,79004,109750,,,
7260,78966,109682,,,
7270,78938,109667,,,
7280,78908,109657,,,
7290,78889,109609,,,
7300,78873,109571,,,
7310,78828,109544,,,
7320,78835,109533,,,
7330,78839,109523,,,
7340,78836,109535,,,
7350,78874,109580,,,
7360,78882,109620,,,
7370,78951,109699,,,
7380,79031,109794,,,
7390,79116,109913,,,
7400,79260,110052,,,
7410,79370,110204,,,
7420,79512,110389,,,
7430,79638,110568,,,
7440,79814,110749,,,
7450,79903,110913,,,
7460,80043,111058,,,
7470,80144,111188,,,
7480,80200,111292,,,
7490,80250,111332,,,
7500,80295,111349,,,
7510,80307,111350,,,
7520,80288,111338,,,
7530,80198,111263,,,
7540,80148,111181,,,
7550,80048,111088,,,
7560,79996,110993,,,
7570,79929,110898,,,
7580,79876,110831,,,
7590,79809,110744,,,
7600,79716,110681,,,
7610,79692,110609,,,
7620,79647,110556,,,
7630,79581,110530,,,
7640,79553,110422,,,
7650,79512,110340,,,
7660,79424,110273,,,
7670,79334,110190,,,
7680,79263,110084,,,
7690,79183,109963,,,
7700,79069,109852,,,
7710,79002,109752,,,
7720,78904,109640,,,
7730,78808,109518,,,
7740,78745,109451,,,
7750,78688,109320,,,
7760,78619,109279,,,
7770,78553,109211,,,
7780,78517,109126,,,
7790,78517,109109,,,
7800,78480,109091,,,
7810,78455,109060,,,
7820,78439,109089,,,
7830,78483,109125,,,
7840,78516,109108,,,
7850,78514,109154,,,
7860,78577,109198,,,
7870,78604,109252,,,
7880,78667,109333,,,
7890,78730,109408,,,
7900,78785,109463,,,
7910,78851,109568,,,
7920,78925,109669,,,
7930,78983,109729,,,
7940,79079,109846,,,
7950,79150,109952,,,
7960,79226,110046,,,
7970,79278,110097,,,
7980,79359,110196,,,
7990,79407,110286,,,
8000,79243,110048,,,
8010,79209,110038,,,
8020,79196,109990,,,
8030,79176,109984,,,
8040,79155,109946,,,
8050,79141,109946,,,
8060,79118,109908,,,
8070,79110,109904,,,
8080,79123,109907,,,
8090,79129,109908,,,
8100,79122,109906,,,
8110,79131,109913,,,
8120,79127,109903,,,
8130,79123,109916,,,
8140,79136,109927,,,
8150,79149,109956,,,
8160,79137,109938,,,
8170,79142,109915,,,
8180,79132,109924,,,
8190,79119,109905,,,
8200,79094,109906,,,
8210,79103,109860,,,
8220,79107,109847,,,
8230,79039,109814,,,
8240,79036,109793,,,
8250,79006,109744,,,
8260,78976,109707,,,
8270,78927,109676,,,
8280,78912,109654,,,
8290,78892,109614,,,
8300,78880,109594,,,
8310,78859,109573,,,
8320,78823,109527,,,
8330,78820,109542,,,
8340,78823,109546,,,
8350,78844,109573,,,
8360,78897,109639,,,
8370,78977,109710,,,
8380,79027,109801,,,
8390,79146,109935,,,
8400,79214,110045,,,
8410,79352,110230,,,
8420,79487,110377,,,
8430,79622,110558,,,
8440,79766,110726,,,
8450,79915,110934,,,
8460,80027,111063,,,
8470,80143,111171,,,
8480,80207,111260,,,
8490,80250,111346,,,
8500,80288,111361,,,
8510,80264,111341,,,
8520,80244,111324,,,
8530,80225,111279,,,
8540,80154,111161,,,
8550,80071,111096,,,
8560,80008,110994,,,
8570,79943,110915,,,
8580,79866,110827,,,
8590,79812,110741,,,
8600,79738,110689,,,
8610,79687,110605,,,
8620,79624,110538,,,
8630,79596,110514,,,
8640,79545,110417,,,
8650,79485,110359,,,
8660,79424,110282,,,
8670,79340,110177,,,
8680,79267,110068,,,
8690,79160,109964,,,
8700,79067,109847,,,
8710,78997,109741,,,
8720,78906,109642,,,
8730,78822,109535,,,
8740,78726,109436,,,
8750,78688,109348,,,
8760,78636,109262,,,
8770,78556,109219,,,
8780,78538,109162,,,
8790,78511,109129,,,
8800,78435,109106,,,
8810,78475,109085,,,
8820,78452,109067,,,
8830,78469,109071,,,
8840,78502,109116,,,
8850,78536,109164,,,
8860,78536,109214,,,
8870,78620,109244,,,
8880,78654,109343,,,
8890,78720,109396,,,
8900,78771,109496,,,
8910,78855,109543,,,
8920,78942,109652,,,
8930,79001,109747,,,
8940,79072,109837,,,
8950,79168,109929,,,
8960,79239,110045,,,
8970,79279,110108,,,
8980,79375,110210,,,
8990,79434,110263,,,
9000,79239,110030,,,
9010,79215,110021,,,
9020,79187,110015,,,
9030,79187,109982,,,
9040,79154,109946,,,
9050,79146,109922,,,
9060,79146,109885,,,
9070,79129,109922,,,
9080,79118,109918,,,
9090,79128,109911,,,
9100,79135,109892,,,
9110,79145,109902,,,
9120,79144,109909,,,
9130,79131,109916,,,
9140,79134,109929,,,
9150,79159,109915,,,
9160,79134,109917,,,
9170,79152,109919,,,
9180,79139,109905,,,
9190,79138,109936,,,
9200,79123,109898,,,
9210,79083,109881,,,
9220,79054,109853,,,
9230,79032,109828,,,
9240,79008,109779,,,
9250,78993,109765,,,
9260,78963,109705,,,
9270,78939,109654,,,
9280,78915,109652,,,
9290,78895,109608,,,
9300,78838,109561,,,
9310,78863,109548,,,
9320,78819,109539,,,
9330,78833,109534,,,
9340,78829,109536,,,
9350,78847,109575,,,
9360,78898,109605,,,
9370,78960,109697,,,
9380,79041,109792,,,
9390,79120,109924,,,
9400,79243,110044,,,
9410,79381,110204,,,
9420,79502,110394,,,
9430,79653,110560,,,
9440,79780,110753,,,
9450,79912,110884,,,
9460,80036,111056,,,
9470,80156,111183,,,
9480,80207,111263,,,
9490,80280,111326,,,
9500,80290,111379,,,
9510,80272,111373,,,
9520,80237,111315,,,
9530,80219,111244,,,
9540,80135,111166,,,
9550,80076,111095,,,
9560,80010,111013,,,
9570,79953,110893,,,
9580,79857,110825,,,
9590,79789,110734,,,
9600,79737,110690,,,
9610,79718,110620,,,
9620,79651,110572,,,
9630,79602,110511,,,
9640,79542,110442,,,
9650,79491,110345,,,
9660,79437,110275,,,
9670,79363,110179,,,
9680,79270,110065,,,
9690,79158,109956,,,
9700,79077,109855,,,
9710,78984,109730,,,
9720,78909,109605,,,
9730,78809,109536,,,
9740,78757,109441,,,
9750,78669,109354,,,
9760,78624,109297,,,
9770,78571,109213,,,
9780,78514,109117,,,
9790,78491,109105,,,
9800,78479,109078,,,
9810,78441,109086,,,
9820,78486,109084,,,
9830,78463,109079,,,
9840,78500,109116,,,
9850,78532,109132,,,
9860,78534,109187,,,
9870,78622,109247,,,
9880,78660,109314,,,
9890,78709,109384,,,
9900,78776,109486,,,
9910,78855,109562,,,
9920,78908,109669,,,
9930,79004,109752,,,
9940,79088,109828,,,
9950,79140,109962,,,
9960,79243,110041,,,
9970,79293,110119,,,
9980,79357,110199,,,
9990,79420,110265,,,
10000,79252,110066,,,
10010,79234,110011,,,
10020,79203,109996,,,
10030,79183,109987,,,
10040,79147,109951,,,
10050,79140,109931,,,
10060,79129,109920,,,
10070,79121,109916,,,
10080,79126,109895,,,
10090,79119,109904,,,
10100,79121,109919,,,
10110,79117,109894,,,
10120,79134,109923,,,
10130,79162,109920,,,
10140,79131,109931,,,
10150,79152,109934,,,
10160,79142,109956,,,
10170,79163,109915,,,
10180,79123,109955,,,
10190,79141,109911,,,
10200,79087,109925,,,
10210,79095,109878,,,
10220,79069,109807,,,
10230,79053,109815,,,
10240,79014,109781,,,
10250,79007,109740,,,
10260,78975,109699,,,
10270,78932,109689,,,
10280,78926,109637,,,
10290,78889,109594,,,
10300,78868,109581,,,
10310,78845,109564,,,
10320,78836,109547,,,
10330,78831,109529,,,
10340,78832,109536,,,
10350,78860,109578,,,
10360,78903,109600,,,
10370,78960,109703,,,
10380,79040,109785,,,
10390,79147,109901,,,
10400,79247,110053,,,
10410,79365,110216,,,
10420,79510,110378,,,
10430,79660,110576,,,
10440,79764,110738,,,
10450,79947,110923,,,
10460,80034,111057,,,
10470,80167,111173,,,
10480,80224,111270,,,
10490,80267,111347,,,
10500,80255,111355,,,
10510,80263,111331,,,
10520,80252,111321,,,
10530,80223,111260,,,
10540,80152,111177,,,
10550,80076,111098,,,
10560,80001,111013,,,
10570,79910,110908,,,
10580,79868,110827,,,
10590,79789,110725,,,
10600,79745,110676,,,
10610,79692,110639,,,
10620,79658,110581,,,
10630,79600,110521,,,
10640,79542,110435,,,
10650,79499,110362,,,
10660,79416,110267,,,
10670,79347,110195,,,
10680,79270,110084,,,
10690,79179,109965,,,
10700,79114,109859,,,
10710,79005,109735,,,
10720,78909,109627,,,
10730,78818,109519,,,
10740,78759,109417,,,
10750,78679,109344,,,
10760,78616,109296,,,
10770,78549,109208,,,
10780,78535,109146,,,
10790,78481,109116,,,
10800,78480,109102,,,
10810,78460,109082,,,
10820,78453,109092,,,
10830,78465,109108,,,
10840,78507,109119,,,
10850,78518,109144,,,
10860,78567,109191,,,
10870,78608,109240,,,
10880,78658,109301,,,
10890,78715,109400,,,
10900,78763,109480,,,
10910,78830,109563,,,
10920,78924,109663,,,
10930,78987,109718,,,
10940,79062,109853,,,
10950,79170,109957,,,
10960,79214,110049,,,
10970,79309,110135,,,
10980,79358,110208,,,
10990,79424,110284,,,
11000,79236,110052,,,
11010,79197,110018,,,
11020,79197,109989,,,
11030,79185,109986,,,
11040,79183,109957,,,
11050,79156,109939,,,
11060,79126,109934,,,
11070,79128,109927,,,
11080,79132,109915,,,
11090,79127,109903,,,
11100,79106,109914,,,
11110,79116,109918,,,
11120,79129,109892,,,
11130,79146,109919,,,
11140,79123,109945,,,
11150,79161,109938,,,
11160,79153,109931,,,
11170,79146,109947,,,
11180,79146,109933,,,
11190,79128,109898,,,
11200,79117,109879,,,
11210,79095,109885,,,
11220,79079,109846,,,
11230,79047,109814,,,
11240,79008,109781,,,
11250,79004,109739,,,
11260,78946,109723,,,
11270,78934,109680,,,
11280,78914,109629,,,
11290,78865,109610,,,
11300,78871,109587,,,
11310,78843,109550,,,
11320,78822,109523,,,
11330,78844,109542,,,
11340,78824,109546,,,
11350,78851,109570,,,
11360,78907,109605,,,
11370,78950,109714,,,
11380,79051,109800,,,
11390,79133,109900,,,
11400,79221,110024,,,
11410,79368,110213,,,
11420,79490,110364,,,
11430,79627,110601,,,
11440,79767,110733,,,
11450,79916,110904,,,
11460,80042,111033,,,
11470,80133,111178,,,
11480,80225,111286,,,
11490,80282,111325,,,
11500,80282,111378,,,
11510,80285,111346,,,
11520,80259,111327,,,
11530,80206,111266,,,
11540,80147,111189,,,
11550,80079,111090,,,
11560,80012,111001,,,
11570,79925,110920,,,
11580,79869,110819,,,
11590,79793,110742,,,
11600,79745,110659,,,
11610,79679,110622,,,
11620,79681,110568,,,
11630,79604,110520,,,
11640,79539,110418,,,
11650,79477,110360,,,
11660,79428,110275,,,
11670,79338,110182,,,
11680,79257,110090,,,
11690,79174,109955,,,
11700,79096,109864,,,
11710,78986,109743,,,
11720,78912,109644,,,
11730,78804,109540,,,
11740,78755,109427,,,
11750,78681,109339,,,
11760,78646,109282,,,
11770,78576,109207,,,
11780,78542,109169,,,
11790,78519,109124,,,
11800,78467,109082,,,
11810,78471,109079,,,
11820,78473,109095,,,
11830,78461,109081,,,
11840,78478,109120,,,
11850,78522,109182,,,
11860,78566,109189,,,
11870,78609,109255,,,
11880,78662,109325,,,
11890,78715,109399,,,
11900,78780,109481,,,
11910,78843,109546,,,
11920,78920,109640,,,
11930,79008,109745,,,
11940,79061,109840,,,
11950,79154,109949,,,
11960,79209,110030,,,
11970,79291,110130,,,
11980,79360,110198,,,
11990,79440,110276,,,
12000,79241,110049,,,
12010,79214,110018,,,
12020,79183,110023,,,
12030,79169,109972,,,
12040,79160,109981,,,
12050,79140,109930,,,
12060,79133,109902,,,
12070,79129,109917,,,
12080,79105,109896,,,
12090,79128,109916,,,
12100,79117,109918,,,
12110,79133,109921,,,
12120,79131,109921,,,
12130,79146,109915,,,
12140,79139,109910,,,
12150,79149,109921,,,
12160,79164,109926,,,
12170,79166,109926,,,
12180,79162,109937,,,
12190,79144,109929,,,
12200,79131,109866,,,
12210,79088,109880,,,
12220,79072,109842,,,
12230,79058,109833,,,
12240,79016,109778,,,
12250,78982,109744,,,
12260,78956,109697,,,
12270,78947,109678,,,
12280,78896,109625,,,
12290,78875,109592,,,
12300,78881,109561,,,
12310,78824,109553,,,
12320,78833,109557,,,
12330,78823,109523,,,
12340,78821,109538,,,
12350,78845,109574,,,
12360,78909,109630,,,
12370,78958,109703,,,
12380,79033,109785,,,
12390,79156,109907,,,
12400,79255,110054,,,
12410,79377,110202,,,
12420,79511,110394,,,
12430,79666,110567,,,
12440,79790,110728,,,
12450,79944,110902,,,
12460,80062,111055,,,
12470,80161,111156,,,
12480,80212,111251,,,
12490,80285,111342,,,
12500,80304,111345,,,
12510,80254,111360,,,
12520,80278,111299,,,
12530,80209,111275,,,
12540,80157,111170,,,
12550,80072,111083,,,
12560,79999,110989,,,
12570,79953,110918,,,
12580,79865,110830,,,
12590,79796,110755,,,
12600,79744,110699,,,
12610,79698,110630,,,
12620,79660,110571,,,
12630,79595,110502,,,
12640,79559,110443,,,
12650,79496,110388,,,
12660,79398,110279,,,
12670,79356,110168,,,
12680,79273,110070,,,
12690,79184,109964,,,
12700,79084,109863,,,
12710,78976,109758,,,
12720,78915,109658,,,
12730,78795,109523,,,
12740,78732,109453,,,
12750,78682,109345,,,
12760,78601,109271,,,
12770,78572,109216,,,
12780,78529,109152,,,
12790,78487,109098,,,
12800,78473,109086,,,
12810,78470,109072,,,
12820,78480,109062,,,
12830,78476,109101,,,
12840,78486,109131,,,
12850,78528,109153,,,
12860,78559,109210,,,
12870,78617,109265,,,
12880,78658,109329,,,
12890,78732,109396,,,
12900,78776,109487,,,
12910,78869,109563,,,
12920,78926,109661,,,
12930,79010,109747,,,
12940,79093,109844,,,
12950,79157,109938,,,
12960,79244,110036,,,
12970,79307,110134,,,
12980,79361,110227,,,
12990,79415,110270,,,
13000,79222,110062,,,
13010,79202,110015,,,
13020,79212,109984,,,
13030,79181,109973,,,
13040,79139,109921,,,
13050,79127,109941,,,
13060,79128,109915,,,
13070,79122,109907,,,
13080,79140,109904,,,
13090,79127,109893,,,
13100,79127,109908,,,
13110,79136,109896,,,
13120,79127,109905,,,
13130,79146,109899,,,
13140,79142,109917,,,
13150,79162,109937,,,
13160,79165,109934,,,
13170,79139,109927,,,
13180,79130,109917,,,
13190,79147,109909,,,
13200,79129,109920,,,
13210,79099,109872,,,
13220,79089,109851,,,
13230,79053,109820,,,
13240,79027,109775,,,
13250,78977,109756,,,
13260,78958,109685,,,
13270,78940,109654,,,
13280,78922,109644,,,
13290,78860,109612,,,
13300,78868,109602,,,
13310,78848,109568,,,
13320,78824,109538,,,
13330,78814,109554,,,
13340,78810,109524,,,
13350,78859,109549,,,
13360,78907,109612,,,
13370,78964,109709,,,
13380,79033,109779,,,
13390,79135,109897,,,
13400,79243,110059,,,
13410,79369,110221,,,
13420,79519,110378,,,
13430,79657,110549,,,
13440,79799,110759,,,
13450,79908,110900,,,
13460,80043,111061,,,
13470,80153,111182,,,
13480,80223,111268,,,
13490,80298,111323,,,
13500,80304,111360,,,
13510,80279,111335,,,
13520,80241,111306,,,
13530,80200,111276,,,
13540,80139,111182,,,
13550,80088,111070,,,
13560,79988,110987,,,
13570,79954,110926,,,
13580,79856,110812,,,
13590,79808,110734,,,
13600,79731,110675,,,
13610,79686,110619,,,
13620,79638,110555,,,
13630,79598,110480,,,
13640,79555,110422,,,
13650,79488,110346,,,
13660,79423,110284,,,
13670,79363,110195,,,
13680,79258,110102,,,
13690,79189,109970,,,
13700,79101,109866,,,
13710,79003,109753,,,
13720,78917,109618,,,
13730,78821,109522,,,
13740,78733,109449,,,
13750,78676,109351,,,
13760,78611,109268,,,
13770,78552,109192,,,
13780,78531,109153,,,
13790,78501,109102,,,
13800,78466,109107,,,
13810,78463,109093,,,
13820,78465,109070,,,
13830,78485,109109,,,
13840,78488,109119,,,
13850,78536,109149,,,
13860,78560,109219,,,
13870,78597,109246,,,
13880,78668,109329,,,
13890,78715,109381,,,
13900,78785,109462,,,
13910,78871,109585,,,
13920,78911,109658,,,
13930,78999,109765,,,
13940,79074,109835,,,
13950,79152,109943,,,
13960,79229,110043,,,
13970,79294,110114,,,
13980,79370,110199,,,
13990,79401,110278,,,
14000,79232,110033,,,
14010,79199,110016,,,
14020,79208,109995,,,
14030,79179,109984,,,
14040,79172,109936,,,
14050,79142,109906,,,
14060,79138,109922,,,
14070,79114,109928,,,
14080,79127,109916,,,
14090,79122,109895,,,
14100,79165,109918,,,
14110,79126,109904,,,
14120,79141,109909,,,
14130,79133,109916,,,
14140,79149,109911,,,
14150,79137,109920,,,
14160,79140,109946,,,
14170,79137,109914,,,
14180,79135,109919,,,
14190,79130,109911,,,
14200,79108,109893,,,
14210,79103,109885,,,
14220,79079,109850,,,
14230,79040,109811,,,
14240,79022,109779,,,
14250,78993,109730,,,
14260,78965,109701,,,
14270,78936,109677,,,
14280,78911,109618,,,
14290,78889,109583,,,
14300,78854,109583,,,
14310,78863,109564,,,
14320,78838,109527,,,
14330,78814,109521,,,
14340,78852,109547,,,
14350,78840,109575,,,
14360,78887,109599,,,
14370,78957,109695,,,
14380,79046,109807,,,
14390,79147,109902,,,
14400,79238,110035,,,
14410,79361,110209,,,
14420,79504,110392,,,
14430,79640,110565,,,
14440,79797,110738,,,
14450,79898,110910,,,
14460,80032,111039,,,
14470,80141,111195,,,
14480,80219,111270,,,
14490,80270,111340,,,
14500,80290,111339,,,
14510,80283,111361,,,
14520,80263,111298,,,
14530,80216,111254,,,
14540,80143,111176,,,
14550,80088,111096,,,
14560,80004,110990,,,
14570,79956,110921,,,
14580,79860,110836,,,
14590,79794,110748,,,
14600,79746,110683,,,
14610,79691,110607,,,
14620,79659,110540,,,
14630,79599,110510,,,
14640,79547,110443,,,
14650,79495,110373,,,
14660,79446,110290,,,
14670,79321,110188,,,
14680,79260,110096,,,
14690,79182,109954,,,
14700,79103,109849,,,
14710,78999,109754,,,
14720,78897,109647,,,
14730,78812,109521,,,
14740,78744,109439,,,
14750,78678,109339,,,
14760,78626,109272,,,
14770,78579,109222,,,
14780,78506,109186,,,
14790,78501,109136,,,
14800,78470,109099,,,
14810,78475,109073,,,
14820,78476,109092,,,
14830,78478,109099,,,
14840,78495,109120,,,
14850,78523,109169,,,
14860,78567,109205,,,
14870,78632,109248,,,
14880,78669,109324,,,
14890,78717,109399,,,
14900,78783,109475,,,
14910,78823,109543,,,
14920,78924,109649,,,
14930,78996,109748,,,
14940,79072,109853,,,
14950,79155,109951,,,
14960,79252,110048,,,
14970,79306,110116,,,
14980,79386,110213,,,
14990,79415,110274,,,
15000,79249,110010,,,
15010,79197,110013,,,
15020,79190,109996,,,
15030,79181,109957,,,
15040,79155,109950,,,
15050,79137,109921,,,
15060,79114,109909,,,
15070,79118,109910,,,
15080,79109,109909,,,
15090,79106,109893,,,
15100,79136,109907,,,
15110,79111,109916,,,
15120,79110,109903,,,
15130,79131,109896,,,
15140,79164,109924,,,
15150,79135,109935,,,
15160,79152,109939,,,
15170,79158,109911,,,
15180,79122,109912,,,
15190,79136,109930,,,
15200,79131,109892,,,
15210,79115,109866,,,
15220,79083,109823,,,
15230,79044,109821,,,
15240,79020,109780,,,
15250,79003,109747,,,
15260,78954,109708,,,
15270,78921,109673,,,
15280,78908,109652,,,
15290,78900,109616,,,
15300,78873,109600,,,
15310,78860,109555,,,
15320,78841,109552,,,
15330,78824,109523,,,
15340,78848,109523,,,
15350,78874,109568,,,
15360,78878,109620,,,
15370,78966,109705,,,
15380,79036,109802,,,
15390,79130,109924,,,
15400,79236,110052,,,
15410,79365,110197,,,
15420,79493,110385,,,
15430,79644,110549,,,
15440,79783,110739,,,
15450,79916,110913,,,
15460,80054,111046,,,
15470,80152,111187,,,
15480,80204,111261,,,
15490,80254,111319,,,
15500,80286,111357,,,
15510,80278,111353,,,
15520,80257,111312,,,
15530,80222,111280,,,
15540,80139,111191,,,
15550,80077,111102,,,
15560,80013,111011,,,
15570,79931,110920,,,
15580,79854,110828,,,
15590,79772,110736,,,
15600,79738,110690,,,
15610,79702,110624,,,
15620,79653,110553,,,
15630,79613,110508,,,
15640,79550,110434,,,
15650,79488,110356,,,
15660,79433,110263,,,
15670,79334,110171,,,
15680,79264,110083,,,
15690,79163,109973,,,
15700,79086,109855,,,
15710,78984,109738,,,
15720,78891,109652,,,
15730,78838,109531,,,
15740,78741,109438,,,
15750,78699,109351,,,
15760,78629,109291,,,
15770,78551,109208,,,
15780,78494,109153,,,
15790,78508,109131,,,
15800,78497,109092,,,
15810,78458,109080,,,
15820,78466,109094,,,
15830,78481,109113,,,
15840,78480,109117,,,
15850,78521,109201,,,
15860,78562,109195,,,
15870,78601,109261,,,
15880,78646,109315,,,
15890,78727,109396,,,
15900,78786,109462,,,
15910,78847,109565,,,
15920,78930,109652,,,
15930,78985,109735,,,
15940,79089,109827,,,
15950,79148,109943,,,
15960,79232,110014,,,
15970,79309,110133,,,
15980,79362,110201,,,
15990,79419,110293,,,
16000,79212,110043,,,
16010,79203,110022,,,
16020,79210,110008,,,
16030,79167,109961,,,
16040,79171,109928,,,
16050,79155,109918,,,
16060,79133,109920,,,
16070,79141,109918,,,
16080,79124,109914,,,
16090,79107,109914,,,
16100,79115,109915,,,
16110,79115,109904,,,
16120,79146,109932,,,
16130,79125,109915,,,
16140,79141,109932,,,
16150,79135,109942,,,
16160,79168,109948,,,
16170,79146,109921,,,
16180,79137,109927,,,
16190,79140,109926,,,
16200,79133,109907,,,
16210,79112,109870,,,
16220,79076,109839,,,
16230,79084,109822,,,
16240,79004,109777,,,
16250,79006,109744,,,
16260,78965,109703,,,
16270,78950,109683,,,
16280,78932,109621,,,
16290,78889,109621,,,
16300,78852,109567,,,
16310,78876,109561,,,
16320,78807,109546,,,
16330,78817,109522,,,
16340,78852,109506,,,
16350,78873,109559,,,
16360,78880,109608,,,
16370,78932,109708,,,
16380,79019,109778,,,
16390,79133,109913,,,
16400,79231,110056,,,
16410,79387,110217,,,
16420,79512,110375,,,
16430,79644,110557,,,
16440,79805,110729,,,
16450,79913,110884,,,
16460,80034,111052,,,
16470,80127,111168,,,
16480,80207,111271,,,
16490,80247,111346,,,
16500,80297,111357,,,
16510,80269,111366,,,
16520,80257,111316,,,
16530,80216,111263,,,
16540,80161,111184,,,
16550,80063,111079,,,
16560,80003,110992,,,
16570,79922,110903,,,
16580,79864,110821,,,
16590,79811,110749,,,
16600,79738,110678,,,
16610,79697,110604,,,
16620,79651,110552,,,
16630,79585,110515,,,
16640,79515,110414,,,
16650,79476,110352,,,
16660,79427,110263,,,
16670,79350,110158,,,
16680,79271,110089,,,
16690,79185,109971,,,
16700,79064,109860,,,
16710,78994,109736,,,
16720,78919,109631,,,
16730,78820,109526,,,
16740,78748,109452,,,
16750,78693,109351,,,
16760,78644,109281,,,
16770,78567,109234,,,
16780,78520,109151,,,
16790,78492,109099,,,
16800,78463,109106,,,
16810,78463,109092,,,
16820,78453,109100,,,
16830,78483,109098,,,
16840,78496,109129,,,
16850,78522,109161,,,
16860,78554,109215,,,
16870,78595,109244,,,
16880,78658,109315,,,
16890,78711,109405,,,
16900,78797,109470,,,
16910,78857,109549,,,
16920,78916,109650,,,
16930,79014,109738,,,
16940,79073,109855,,,
16950,79164,109954,,,
16960,79230,110042,,,
16970,79295,110128,,,
16980,79363,110195,,,
16990,79394,110252,,,
17000,79224,110044,,,
17010,79207,110018,,,
17020,79179,110004,,,
17030,79187,109993,,,
17040,79187,109933,,,
17050,79124,109915,,,
17060,79128,109893,,,
17070,79124,109905,,,
17080,79124,109898,,,
17090,79137,109915,,,
17100,79126,109922,,,
17110,79148,109910,,,
17120,79121,109904,,,
17130,79128,109906,,,
17140,79130,109913,,,
17150,79163,109907,,,
17160,79139,109936,,,
17170,79159,109941,,,
17180,79116,109913,,,
17190,79139,109921,,,
17200,79108,109902,,,
17210,79102,109856,,,
17220,79072,109836,,,
17230,79050,109821,,,
17240,79014,109787,,,
17250,79014,109728,,,
17260,78949,109725,,,
17270,78934,109682,,,
17280,78906,109632,,,
17290,78879,109595,,,
17300,78877,109580,,,
17310,78838,109551,,,
17320,78812,109536,,,
17330,78829,109529,,,
17340,78843,109529,,,
17350,78840,109582,,,
17360,78884,109642,,,
17370,78949,109699,,,
17380,79029,109780,,,
17390,79142,109920,,,
17400,79243,110050,,,
17410,79375,110221,,,
17420,79510,110347,,,
17430,79650,110551,,,
17440,79784,110742,,,
17450,79938,110908,,,
17460,80039,111062,,,
17470,80124,111182,,,
17480,80207,111279,,,
17490,80282,111317,,,
17500,80295,111349,,,
17510,80272,111354,,,
17520,80263,111309,,,
17530,80232,111261,,,
17540,80147,111165,,,
17550,80073,111087,,,
17560,79995,111003,,,
17570,79937,110932,,,
17580,79859,110854,,,
17590,79795,110731,,,
17600,79733,110682,,,
17610,79696,110619,,,
17620,79651,110565,,,
17630,79609,110505,,,
17640,79558,110444,,,
17650,79485,110385,,,
17660,79411,110285,,,
17670,79341,110173,,,
17680,79268,110072,,,
17690,79160,109952,,,
17700,79072,109866,,,
17710,78975,109741,,,
17720,78891,109649,,,
17730,78824,109543,,,
17740,78758,109456,,,
17750,78690,109357,,,
17760,78634,109280,,,
17770,78569,109204,,,
17780,78532,109150,,,
17790,78489,109111,,,
17800,78465,109080,,,
17810,78475,109077,,,
17820,78458,109101,,,
17830,78488,109098,,,
17840,78506,109116,,,
17850,78513,109132,,,
17860,78564,109187,,,
17870,78612,109255,,,
17880,78648,109324,,,
17890,78712,109394,,,
17900,78787,109485,,,
17910,78838,109558,,,
17920,78929,109641,,,
17930,79011,109744,,,
17940,79075,109843,,,
17950,79160,109957,,,
17960,79219,110038,,,
17970,79296,110105,,,
17980,79390,110183,,,
17990,79425,110298,,,
18000,79231,110035,,,
18010,79196,110013,,,
18020,79197,109986,,,
18030,79185,109962,,,
18040,79162,109928,,,
18050,79146,109929,,,
18060,79136,109925,,,
18070,79124,109909,,,
18080,79138,109910,,,
18090,79147,109899,,,
18100,79121,109889,,,
18110,79119,109923,,,
18120,79130,109926,,,
18130,79133,109919,,,
18140,79125,109923,,,
18150,79127,109925,,,
18160,79136,109926,,,
18170,79131,109936,,,
18180,79145,109921,,,
18190,79161,109912,,,
18200,79111,109902,,,
18210,79074,109863,,,
18220,79087,109846,,,
18230,79036,109833,,,
18240,79012,109771,,,
18250,78994,109723,,,
18260,78967,109728,,,
18270,78948,109679,,,
18280,78912,109637,,,
18290,78866,109590,,,
18300,78858,109602,,,
18310,78833,109551,,,
18320,78843,109532,,,
18330,78862,109550,,,
18340,78817,109534,,,
18350,78845,109540,,,
18360,78887,109626,,,
18370,78932,109678,,,
18380,79053,109784,,,
18390,79133,109940,,,
18400,79231,110041,,,
18410,79356,110210,,,
18420,79509,110386,,,
18430,79662,110569,,,
18440,79784,110747,,,
18450,79918,110921,,,
18460,80044,111062,,,
18470,80129,111180,,,
18480,80233,111266,,,
18490,80251,111338,,,
18500,80293,111376,,,
18510,80285,111358,,,
18520,80274,111326,,,
18530,80218,111251,,,
18540,80143,111187,,,
18550,80064,111092,,,
18560,79965,111006,,,
18570,79901,110919,,,
18580,79851,110814,,,
18590,79783,110757,,,
18600,79751,110680,,,
18610,79683,110649,,,
18620,79673,110550,,,
18630,79606,110485,,,
18640,79540,110423,,,
18650,79494,110356,,,
18660,79419,110262,,,
18670,79349,110191,,,
18680,79267,110084,,,
18690,79207,109948,,,
18700,79085,109860,,,
18710,79015,109721,,,
18720,78889,109641,,,
18730,78819,109524,,,
18740,78764,109440,,,
18750,78679,109357,,,
18760,78608,109295,,,
18770,78543,109206,,,
18780,78523,109166,,,
18790,78494,109110,,,
18800,78454,109097,,,
18810,78469,109100,,,
18820,78468,109083,,,
18830,78464,109100,,,
18840,78477,109137,,,
18850,78512,109154,,,
18860,78546,109194,,,
18870,78618,109270,,,
18880,78661,109302,,,
18890,78707,109404,,,
18900,78779,109486,,,
18910,78854,109554,,,
18920,78918,109639,,,
18930,79007,109742,,,
18940,79091,109846,,,
18950,79149,109946,,,
18960,79242,110034,,,
18970,79305,110119,,,
18980,79366,110205,,,
18990,79442,110263,,,
19000,79247,110052,,,
19010,79221,110041,,,
19020,79191,110001,,,
19030,79184,110016,,,
19040,79174,109954,,,
19050,79135,109915,,,
19060,79121,109918,,,
19070,79122,109896,,,
19080,79110,109904,,,
19090,79135,109888,,,
19100,79132,109918,,,
19110,79138,109902,,,
19120,79123,109908,,,
19130,79140,109926,,,
19140,79141,109917,,,
19150,79129,109942,,,
19160,79141,109935,,,
19170,79140,109925,,,
19180,79140,109935,,,
19190,79138,109897,,,
19200,79107,109911,,,
19210,79096,109878,,,
19220,79091,109840,,,
19230,79040,109806,,,
19240,79019,109764,,,
19250,78985,109760,,,
19260,78960,109696,,,
19270,78965,109675,,,
19280,78950,109629,,,
19290,78891,109609,,,
19300,78836,109584,,,
19310,78837,109546,,,
19320,78839,109551,,,
19330,78853,109538,,,
19340,78830,109534,,,
19350,78853,109553,,,
19360,78890,109630,,,
19370,78949,109710,,,
19380,79032,109772,,,
19390,79142,109914,,,
19400,79252,110054,,,
19410,79370,110203,,,
19420,79499,110403,,,
19430,79649,110558,,,
19440,79793,110734,,,
19450,79898,110902,,,
19460,80039,111064,,,
19470,80125,111168,,,
19480,80223,111275,,,
19490,80285,111342,,,
19500,80297,111353,,,
19510,80278,111360,,,
19520,80262,111327,,,
19530,80201,111278,,,
19540,80156,111174,,,
19550,80083,111096,,,
19560,79976,111003,,,
19570,79909,110923,,,
19580,79853,110842,,,
19590,79796,110734,,,
19600,79742,110669,,,
19610,79705,110616,,,
19620,79637,110560,,,
19630,79583,110477,,,
19640,79536,110421,,,
19650,79491,110368,,,
19660,79411,110284,,,
19670,79351,110182,,,
19680,79251,110062,,,
19690,79173,109960,,,
19700,79080,109840,,,
19710,79010,109752,,,
19720,78910,109646,,,
19730,78810,109532,,,
19740,78736,109436,,,
19750,78683,109337,,,
19760,78632,109279,,,
19770,78568,109197,,,
19780,78516,109146,,,
19790,78487,109117,,,
19800,78481,109103,,,
19810,78450,109084,,,
19820,78490,109075,,,
19830,78482,109073,,,
19840,78495,109122,,,
19850,78527,109163,,,
19860,78557,109179,,,
19870,78576,109246,,,
19880,78667,109324,,,
19890,78721,109391,,,
19900,78782,109501,,,
19910,78866,109565,,,
19920,78895,109658,,,
19930,78996,109741,,,
19940,79075,109847,,,
19950,79162,109929,,,
19960,79212,110032,,,
19970,79298,110116,,,
19980,79366,110189,,,
19990,79413,110270,,,
20000,79244,110048,,,
20010,79194,110015,,,
20020,79194,109991,,,
20030,79189,109992,,,
20040,79163,109942,,,
20050,79137,109920,,,
20060,79132,109910,,,
20070,79130,109889,,,
20080,79131,109922,,,
20090,79121,109888,,,
20100,79138,109890,,,
20110,79108,109916,,,
20120,79152,109905,,,
20130,79139,109930,,,
20140,79128,109937,,,
20150,79126,109921,,,
20160,79145,109943,,,
20170,79160,109925,,,
20180,79130,109925,,,
20190,79138,109918,,,
20200,79111,109915,,,
20210,79092,109875,,,
20220,79050,109831,,,
20230,79043,109805,,,
20240,79034,109793,,,
20250,79003,109738,,,
20260,78963,109720,,,
20270,78929,109676,,,
20280,78897,109649,,,
20290,78888,109619,,,
20300,78849,109563,,,
20310,78846,109553,,,
20320,78844,109540,,,
20330,78839,109526,,,
20340,78823,109542,,,
20350,78861,109561,,,
20360,78897,109639,,,
20370,78956,109695,,,
20380,79042,109789,,,
20390,79143,109921,,,
20400,79234,110028,,,
20410,79376,110205,,,
20420,79515,110394,,,
20430,79652,110550,,,
20440,79795,110741,,,
20450,79936,110894,,,
20460,80025,111075,,,
20470,80147,111163,,,
20480,80225,111275,,,
20490,80260,111335,,,
20500,80284,111340,,,
20510,80287,111336,,,
20520,80261,111321,,,
20530,80205,111268,,,
20540,80153,111173,,,
20550,80083,111093,,,
20560,80003,111020,,,
20570,79926,110916,,,
20580,79860,110831,,,
20590,79780,110759,,,
20600,79740,110691,,,
20610,79672,110628,,,
20620,79648,110574,,,
20630,79596,110481,,,
20640,79548,110422,,,
20650,79480,110330,,,
20660,79436,110279,,,
20670,79345,110183,,,
20680,79265,110093,,,
20690,79179,109954,,,
20700,79081,109861,,,
20710,79001,109734,,,
20720,78903,109657,,,
20730,78825,109528,,,
20740,78741,109443,,,
20750,78656,109354,,,
20760,78615,109282,,,
20770,78584,109211,,,
20780,78507,109161,,,
20790,78507,109125,,,
20800,78498,109089,,,
20810,78431,109076,,,
20820,78482,109056,,,
20830,78474,109087,,,
20840,78464,109089,,,
20850,78551,109184,,,
20860,78558,109218,,,
20870,78637,109249,,,
20880,78665,109319,,,
20890,78731,109409,,,
20900,78794,109482,,,
20910,78858,109564,,,
20920,78907,109631,,,
20930,78997,109727,,,
20940,79099,109842,,,
20950,79171,109938,,,
20960,79218,110030,,,
20970,79309,110097,,,
20980,79355,110205,,,
20990,79421,110261,,,
21000,79233,110049,,,
21010,79223,110012,,,
21020,79220,109986,,,
21030,79188,109998,,,
21040,79171,109962,,,
21050,79146,109929,,,
21060,79130,109898,,,
21070,79146,109902,,,
21080,79130,109899,,,
21090,79128,109910,,,
21100,79113,109919,,,
21110,79138,109886,,,
21120,79148,109916,,,
21130,79139,109926,,,
21140,79157,109933,,,
21150,79143,109905,,,
21160,79147,109922,,,
21170,79159,109936,,,
21180,79137,109925,,,
21190,79135,109924,,,
21200,79134,109897,,,
21210,79100,109858,,,
21220,79084,109840,,,
21230,79059,109810,,,
21240,79014,109771,,,
21250,78989,109746,,,
21260,78986,109701,,,
21270,78939,109670,,,
21280,78909,109649,,,
21290,78851,109614,,,
21300,78869,109563,,,
21310,78844,109557,,,
21320,78839,109550,,,
21330,78849,109537,,,
21340,78833,109553,,,
21350,78828,109574,,,
21360,78899,109602,,,
21370,78964,109700,,,
21380,79035,109811,,,
21390,79119,109921,,,
21400,79245,110052,,,
21410,79371,110191,,,
21420,79536,110398,,,
21430,79650,110563,,,
21440,79783,110725,,,
21450,79920,110917,,,
21460,80050,111048,,,
21470,80117,111165,,,
21480,80210,111267,,,
21490,80278,111329,,,
21500,80316,111351,,,
21510,80276,111345,,,
21520,80232,111319,,,
21530,80217,111273,,,
21540,80157,111167,,,
21550,80073,111078,,,
21560,80014,110990,,,
21570,79918,110915,,,
21580,79858,110834,,,
21590,79811,110755,,,
21600,79767,110684,,,
21610,79698,110628,,,
21620,79639,110568,,,
21630,79604,110498,,,
21640,79574,110424,,,
21650,79483,110360,,,
21660,79422,110278,,,
21670,79345,110185,,,
21680,79256,110079,,,
21690,79166,109949,,,
21700,79072,109855,,,
21710,78983,109748,,,
21720,78902,109629,,,
21730,78827,109531,,,
21740,78774,109448,,,
21750,78670,109347,,,
21760,78632,109281,,,
21770,78548,109208,,,
21780,78547,109137,,,
21790,78490,109136,,,
21800,78465,109089,,,
21810,78467,109083,,,
21820,78453,109106,,,
21830,78459,109114,,,
21840,78497,109118,,,
21850,78531,109166,,,
21860,78544,109186,,,
21870,78606,109271,,,
21880,78653,109298,,,
21890,78730,109396,,,
21900,78781,109470,,,
21910,78851,109554,,,
21920,78912,109655,,,
21930,78991,109751,,,
21940,79049,109843,,,
21950,79154,109959,,,
21960,79235,110047,,,
21970,79280,110121,,,
21980,79357,110215,,,
21990,79426,110289,,,
22000,79211,110028,,,
22010,79223,109997,,,
22020,79200,110000,,,
22030,79175,109998,,,
22040,79160,109953,,,
22050,79142,109936,,,
22060,79132,109907,,,
22070,79127,109920,,,
22080,79123,109887,,,
22090,79114,109913,,,
22100,79115,109902,,,
22110,79115,109901,,,
22120,79127,109909,,,
22130,79128,109919,,,
22140,79121,109926,,,
22150,79136,109947,,,
22160,79170,109925,,,
22170,79141,109929,,,
22180,79141,109947,,,
22190,79121,109911,,,
22200,79129,109902,,,
22210,79095,109870,,,
22220,79061,109845,,,
22230,79034,109803,,,
22240,79020,109775,,,
22250,78992,109736,,,
22260,78962,109697,,,
22270,78932,109678,,,
22280,78900,109624,,,
22290,78868,109614,,,
22300,78854,109588,,,
22310,78841,109560,,,
22320,78845,109551,,,
22330,78827,109543,,,
22340,78813,109519,,,
22350,78864,109557,,,
22360,78901,109644,,,
22370,78953,109701,,,
22380,79052,109787,,,
22390,79131,109903,,,
22400,79232,110049,,,
22410,79373,110213,,,
22420,79503,110384,,,
22430,79647,110552,,,
22440,79804,110741,,,
22450,79917,110911,,,
22460,80027,111032,,,
22470,80135,111179,,,
22480,80210,111270,,,
22490,80254,111331,,,
22500,80281,111361,,,
22510,80295,111334,,,
22520,80257,111336,,,
22530,80209,111268,,,
22540,80164,111210,,,
22550,80070,111089,,,
22560,79994,110998,,,
22570,79925,110918,,,
22580,79857,110827,,,
22590,79786,110749,,,
22600,79739,110699,,,
22610,79692,110631,,,
22620,79665,110555,,,
22630,79601,110499,,,
22640,79539,110458,,,
22650,79482,110355,,,
22660,79439,110266,,,
22670,79376,110152,,,
22680,79257,110075,,,
22690,79181,109986,,,
22700,79106,109853,,,
22710,79009,109766,,,
22720,78913,109624,,,
22730,78817,109521,,,
22740,78749,109444,,,
22750,78666,109368,,,
22760,78624,109276,,,
22770,78573,109193,,,
22780,78541,109155,,,
22790,78512,109113,,,
22800,78467,109103,,,
22810,78461,109093,,,
22820,78487,109087,,,
22830,78480,109088,,,
22840,78496,109114,,,
22850,78531,109159,,,
22860,78533,109216,,,
22870,78609,109240,,,
22880,78658,109333,,,
22890,78722,109396,,,
22900,78790,109484,,,
22910,78835,109551,,,
22920,78933,109651,,,
22930,79002,109743,,,
22940,79094,109859,,,
22950,79146,109943,,,
22960,79225,110025,,,
22970,79306,110132,,,
22980,79366,110195,,,
22990,79404,110277,,,
23000,79260,110058,,,
23010,79205,110016,,,
23020,79213,110003,,,
23030,79153,109988,,,
23040,79154,109941,,,
23050,79136,109936,,,
23060,79130,109900,,,
23070,79132,109932,,,
23080,79112,109900,,,
23090,79128,109893,,,
23100,79125,109895,,,
23110,79114,109900,,,
23120,79135,109908,,,
23130,79138,109914,,,
23140,79126,109924,,,
23150,79123,109920,,,
23160,79137,109949,,,
23170,79132,109946,,,
23180,79102,109928,,,
23190,79120,109888,,,
23200,79122,109907,,,
23210,79103,109892,,,
23220,79066,109838,,,
23230,79066,109810,,,
23240,79020,109791,,,
23250,79002,109745,,,
23260,78949,109704,,,
23270,78941,109679,,,
23280,78911,109635,,,
23290,78868,109605,,,
23300,78838,109576,,,
23310,78847,109564,,,
23320,78830,109535,,,
23330,78830,109532,,,
23340,78827,109541,,,
23350,78856,109560,,,
23360,78901,109601,,,
23370,78950,109679,,,
23380,79039,109787,,,
23390,79134,109927,,,
23400,79254,110065,,,
23410,79362,110216,,,
23420,79504,110355,,,
23430,79618,110554,,,
23440,79774,110747,,,
23450,79916,110898,,,
23460,80034,111046,,,
23470,80124,111188,,,
23480,80232,111272,,,
23490,80269,111356,,,
23500,80251,111379,,,
23510,80237,111356,,,
23520,80263,111313,,,
23530,80209,111280,,,
23540,80149,111165,,,
23550,80078,111099,,,
23560,79998,110981,,,
23570,79934,110930,,,
23580,79849,110828,,,
23590,79807,110741,,,
23600,79736,110675,,,
23610,79708,110620,,,
23620,79643,110560,,,
23630,79593,110514,,,
23640,79543,110425,,,
23650,79478,110358,,,
23660,79411,110276,,,
23670,79355,110185,,,
23680,79267,110074,,,
23690,79175,109963,,,
23700,79095,109846,,,
23710,78984,109746,,,
23720,78910,109628,,,
23730,78821,109536,,,
23740,78759,109424,,,
23750,78691,109325,,,
23760,78630,109283,,,
23770,78568,109224,,,
23780,78528,109165,,,
23790,78479,109120,,,
23800,78458,109112,,,
23810,78469,109084,,,
23820,78454,109058,,,
23830,78489,109083,,,
23840,78495,109097,,,
23850,78527,109159,,,
23860,78584,109190,,,
23870,78601,109261,,,
23880,78663,109334,,,
23890,78712,109389,,,
23900,78777,109485,,,
23910,78862,109566,,,
23920,78921,109654,,,
23930,78998,109733,,,
23940,79069,109843,,,
23950,79159,109949,,,
23960,79233,110034,,,
23970,79317,110103,,,
23980,79349,110185,,,
23990,79417,110263,,,
24000,79220,110051,,,
24010,79221,110020,,,
24020,79196,109997,,,
24030,79186,109968,,,
24040,79146,109941,,,
24050,79160,109950,,,
24060,79124,109907,,,
24070,79148,109902,,,
24080,79108,109902,,,
24090,79125,109903,,,
24100,79120,109909,,,
24110,79122,109901,,,
24120,79140,109925,,,
24130,79121,109921,,,
24140,79128,109922,,,
24150,79137,109957,,,
24160,79136,109923,,,
24170,79143,109925,,,
24180,79128,109939,,,
24190,79096,109913,,,
24200,79119,109894,,,
24210,79092,109881,,,
24220,79069,109842,,,
24230,79035,109828,,,
24240,79021,109785,,,
24250,79005,109756,,,
24260,78963,109722,,,
24270,78962,109651,,,
24280,78926,109653,,,
24290,78879,109611,,,
24300,78849,109595,,,
24310,78845,109581,,,
24320,78821,109547,,,
24330,78838,109542,,,
24340,78824,109542,,,
24350,78853,109562,,,
24360,78885,109619,,,
24370,78952,109698,,,
24380,79036,109806,,,
24390,79138,109903,,,
24400,79227,110051,,,
24410,79370,110221,,,
24420,79514,110392,,,
24430,79629,110577,,,
24440,79780,110723,,,
24450,79911,110871,,,
24460,80062,111056,,,
24470,80135,111179,,,
24480,80210,111273,,,
24490,80261,111343,,,
24500,80303,111357,,,
24510,80284,111347,,,
24520,80249,111323,,,
24530,80203,111265,,,
24540,80175,111197,,,
24550,80059,111080,,,
24560,79990,111011,,,
24570,79938,110909,,,
24580,79856,110835,,,
24590,79793,110754,,,
24600,79746,110683,,,
24610,79690,110621,,,
24620,79641,110552,,,
24630,79600,110488,,,
24640,79552,110438,,,
24650,79483,110353,,,
24660,79435,110261,,,
24670,79353,110186,,,
24680,79271,110092,,,
24690,79178,109968,,,
24700,79096,109871,,,
24710,78991,109725,,,
24720,78893,109627,,,
24730,78823,109524,,,
24740,78757,109418,,,
24750,78694,109341,,,
24760,78632,109271,,,
24770,78563,109216,,,
24780,78518,109137,,,
24790,78492,109122,,,
24800,78476,109102,,,
24810,78450,109084,,,
24820,78465,109103,,,
24830,78496,109096,,,
24840,78494,109106,,,
24850,78555,109168,,,
24860,78553,109207,,,
24870,78600,109254,,,
24880,78654,109306,,,
24890,78718,109398,,,
24900,78756,109486,,,
24910,78861,109565,,,
24920,78911,109659,,,
24930,79007,109760,,,
24940,79095,109848,,,
24950,79164,109951,,,
24960,79229,110041,,,
24970,79300,110137,,,
24980,79360,110225,,,
24990,79412,110274,,,
25000,79223,110044,,,
25010,79211,110015,,,
25020,79212,109992,,,
25030,79198,109964,,,
25040,79157,109924,,,
25050,79150,109920,,,
25060,79120,109888,,,
25070,79134,109900,,,
25080,79120,109901,,,
25090,79109,109913,,,
25100,79125,109897,,,
25110,79099,109913,,,
25120,79136,109919,,,
25130,79130,109912,,,
25140,79154,109906,,,
25150,79136,109923,,,
25160,79140,109930,,,
25170,79151,109920,,,
25180,79143,109943,,,
25190,79111,109913,,,
25200,79127,109909,,,
25210,79093,109859,,,
25220,79058,109824,,,
25230,79041,109815,,,
25240,79031,109773,,,
25250,78982,109738,,,
25260,78965,109711,,,
25270,78922,109689,,,
25280,78911,109650,,,
25290,78893,109598,,,
25300,78875,109560,,,
25310,78828,109552,,,
25320,78854,109537,,,
25330,78836,109534,,,
25340,78823,109544,,,
25350,78866,109574,,,
25360,78899,109606,,,
25370,78934,109695,,,
25380,79057,109812,,,
25390,79142,109907,,,
25400,79247,110049,,,
25410,79361,110210,,,
25420,79476,110388,,,
25430,79644,110598,,,
25440,79767,110714,,,
25450,79911,110892,,,
25460,80039,111066,,,
25470,80172,111180,,,
25480,80211,111260,,,
25490,80266,111350,,,
25500,80280,111377,,,
25510,80303,111336,,,
25520,80249,111317,,,
25530,80208,111269,,,
25540,80152,111160,,,
25550,80079,111081,,,
25560,79994,110988,,,
25570,79942,110893,,,
25580,79858,110829,,,
25590,79795,110747,,,
25600,79736,110682,,,
25610,79675,110616,,,
25620,79630,110549,,,
25630,79619,110501,,,
25640,79530,110428,,,
25650,79485,110362,,,
25660,79437,110285,,,
25670,79353,110176,,,
25680,79253,110080,,,
25690,79192,109968,,,
25700,79099,109857,,,
25710,78991,109737,,,
25720,78894,109622,,,
25730,78838,109524,,,
25740,78741,109427,,,
25750,78674,109314,,,
25760,78623,109268,,,
25770,78586,109201,,,
25780,78535,109162,,,
25790,78478,109120,,,
25800,78475,109097,,,
25810,78471,109086,,,
25820,78463,109088,,,
25830,78470,109080,,,
25840,78500,109117,,,
25850,78510,109140,,,
25860,78546,109203,,,
25870,78596,109254,,,
25880,78647,109315,,,
25890,78741,109399,,,
25900,78770,109468,,,
25910,78825,109561,,,
25920,78917,109662,,,
25930,78993,109745,,,
25940,79087,109836,,,
25950,79129,109959,,,
25960,79239,110033,,,
25970,79301,110110,,,
25980,79363,110211,,,
25990,79418,110285,,,
26000,79253,110025,,,
26010,79228,110018,,,
26020,79195,109993,,,
26030,79181,109983,,,
26040,79152,109956,,,
26050,79121,109919,,,
26060,79141,109900,,,
26070,79131,109909,,,
26080,79116,109900,,,
26090,79122,109930,,,
26100,79139,109931,,,
26110,79122,109932,,,
26120,79142,109909,,,
26130,79117,109912,,,
26140,79117,109922,,,
26150,79144,109946,,,
26160,79146,109932,,,
26170,79133,109931,,,
26180,79139,109922,,,
26190,79129,109936,,,
26200,79096,109879,,,
26210,79098,109872,,,
26220,79068,109834,,,
26230,79055,109825,,,
26240,79029,109771,,,
26250,78978,109718,,,
26260,78958,109727,,,
26270,78943,109673,,,
26280,78891,109636,,,
26290,78876,109604,,,
26300,78863,109598,,,
26310,78822,109573,,,
26320,78843,109560,,,
26330,78813,109532,,,
26340,78826,109568,,,
26350,78869,109578,,,
26360,78881,109624,,,
26370,78954,109675,,,
26380,79044,109793,,,
26390,79154,109915,,,
26400,79232,110045,,,
26410,79379,110197,,,
26420,79493,110367,,,
26430,79655,110554,,,
26440,79792,110743,,,
26450,79923,110895,,,
26460,80048,111058,,,
26470,80154,111189,,,
26480,80244,111269,,,
26490,80263,111339,,,
26500,80299,111359,,,
26510,80295,111353,,,
26520,80256,111321,,,
26530,80188,111283,,,
26540,80157,111187,,,
26550,80094,111073,,,
26560,80004,110981,,,
26570,79938,110903,,,
26580,79864,110815,,,
26590,79801,110734,,,
26600,79732,110668,,,
26610,79686,110622,,,
26620,79640,110570,,,
26630,79589,110505,,,
26640,79534,110420,,,
26650,79498,110359,,,
26660,79437,110286,,,
26670,79365,110190,,,
26680,79230,110080,,,
26690,79156,109978,,,
26700,79098,109849,,,
26710,79005,109761,,,
26720,78926,109624,,,
26730,78824,109522,,,
26740,78747,109432,,,
26750,78682,109355,,,
26760,78606,109293,,,
26770,78559,109215,,,
26780,78523,109160,,,
26790,78505,109126,,,
26800,78473,109092,,,
26810,78454,109081,,,
26820,78481,109095,,,
26830,78476,109109,,,
26840,78498,109122,,,
26850,78518,109149,,,
26860,78565,109197,,,
26870,78616,109236,,,
26880,78681,109330,,,
26890,78707,109397,,,
26900,78788,109478,,,
26910,78860,109569,,,
26920,78918,109666,,,
26930,79003,109755,,,
26940,79041,109843,,,
26950,79141,109930,,,
26960,79248,110038,,,
26970,79300,110120,,,
26980,79355,110209,,,
26990,79425,110270,,,
27000,79246,110034,,,
27010,79192,110035,,,
27020,79208,110026,,,
27030,79192,109969,,,
27040,79153,109930,,,
27050,79144,109937,,,
27060,79133,109890,,,
27070,79130,109903,,,
27080,79146,109912,,,
27090,79133,109908,,,
27100,79130,109924,,,
27110,79103,109903,,,
27120,79110,109893,,,
27130,79129,109929,,,
27140,79156,109903,,,
27150,79149,109930,,,
27160,79129,109941,,,
27170,79133,109916,,,
27180,79139,109915,,,
27190,79150,109922,,,
27200,79098,109899,,,
27210,79088,109862,,,
27220,79071,109851,,,
27230,79040,109841,,,
27240,79016,109778,,,
27250,78995,109724,,,
27260,78978,109718,,,
27270,78947,109685,,,
27280,78903,109614,,,
27290,78898,109617,,,
27300,78874,109586,,,
27310,78855,109563,,,
27320,78844,109533,,,
27330,78839,109537,,,
27340,78844,109534,,,
27350,78865,109556,,,
27360,78899,109624,,,
27370,78976,109721,,,
27380,79028,109793,,,
27390,79111,109898,,,
27400,79250,110058,,,
27410,79359,110215,,,
27420,79475,110377,,,
27430,79651,110563,,,
27440,79791,110754,,,
27450,79910,110894,,,
27460,80057,111053,,,
27470,80117,111190,,,
27480,80225,111289,,,
27490,80293,111347,,,
27500,80276,111352,,,
27510,80267,111342,,,
27520,80268,111321,,,
27530,80203,111250,,,
27540,80146,111169,,,
27550,80066,111121,,,
27560,79994,111017,,,
27570,79941,110942,,,
27580,79863,110830,,,
27590,79802,110748,,,
27600,79752,110697,,,
27610,79700,110624,,,
27620,79664,110563,,,
27630,79582,110500,,,
27640,79545,110453,,,
27650,79493,110348,,,
27660,79434,110304,,,
27670,79321,110183,,,
27680,79273,110057,,,
27690,79173,109959,,,
27700,79087,109853,,,
27710,78995,109751,,,
27720,78910,109623,,,
27730,78827,109509,,,
27740,78764,109433,,,
27750,78681,109349,,,
27760,78627,109268,,,
27770,78577,109209,,,
27780,78541,109157,,,
27790,78502,109128,,,
27800,78481,109096,,,
27810,78463,109085,,,
27820,78451,109087,,,
27830,78481,109097,,,
27840,78468,109124,,,
27850,78511,109147,,,
27860,78556,109201,,,
27870,78604,109246,,,
27880,78671,109304,,,
27890,78714,109391,,,
27900,78774,109466,,,
27910,78835,109583,,,
27920,78910,109650,,,
27930,79001,109741,,,
27940,79083,109846,,,
27950,79149,109952,,,
27960,79253,110049,,,
27970,79300,110120,,,
27980,79338,110211,,,
27990,79400,110258,,,
28000,79215,110040,,,
28010,79202,110027,,,
28020,79192,109991,,,
28030,79174,109989,,,
28040,79161,109959,,,
28050,79162,109928,,,
28060,79127,109918,,,
28070,79116,109917,,,
28080,79123,109904,,,
28090,79127,109912,,,
28100,79127,109921,,,
28110,79152,109923,,,
28120,79145,109908,,,
28130,79139,109916,,,
28140,79152,109904,,,
28150,79123,109942,,,
28160,79148,109950,,,
28170,79122,109944,,,
28180,79158,109941,,,
28190,79129,109902,,,
28200,79106,109905,,,
28210,79109,109865,,,
28220,79071,109829,,,
28230,79042,109818,,,
28240,79024,109773,,,
28250,78998,109753,,,
28260,78999,109704,,,
28270,78940,109677,,,
28280,78905,109627,,,
28290,78887,109597,,,
28300,78889,109581,,,
28310,78844,109559,,,
28320,78832,109544,,,
28330,78837,109550,,,
28340,78817,109543,,,
28350,78842,109583,,,
28360,78911,109608,,,
28370,78965,109694,,,
28380,79041,109813,,,
28390,79135,109915,,,
28400,79241,110038,,,
28410,79373,110218,,,
28420,79485,110389,,,
28430,79627,110547,,,
28440,79779,110714,,,
28450,79907,110907,,,
28460,80044,111038,,,
28470,80147,111157,,,
28480,80226,111272,,,
28490,80270,111307,,,
28500,80299,111365,,,
28510,80286,111356,,,
28520,80253,111315,,,
28530,80237,111278,,,
28540,80135,111186,,,
28550,80102,111094,,,
28560,80013,111003,,,
28570,79914,110922,,,
28580,79871,110828,,,
28590,79786,110752,,,
28600,79755,110684,,,
28610,79687,110637,,,
28620,79661,110577,,,
28630,79613,110501,,,
28640,79562,110425,,,
28650,79495,110357,,,
28660,79425,110277,,,
28670,79345,110191,,,
28680,79263,110074,,,
28690,79165,109960,,,
28700,79089,109870,,,
28710,78994,109725,,,
28720,78903,109633,,,
28730,78842,109518,,,
28740,78731,109419,,,
28750,78680,109335,,,
28760,78611,109286,,,
28770,78557,109200,,,
28780,78530,109153,,,
28790,78485,109119,,,
28800,78464,109090,,,
28810,78474,109075,,,
28820,78469,109090,,,
28830,78461,109087,,,
28840,78517,109126,,,
28850,78504,109141,,,
28860,78564,109191,,,
28870,78615,109268,,,
28880,78666,109332,,,
28890,78720,109375,,,
28900,78799,109482,,,
28910,78836,109570,,,
28920,78920,109644,,,
28930,79020,109737,,,
28940,79064,109858,,,
28950,79140,109946,,,
28960,79225,110001,,,
28970,79298,110149,,,
28980,79354,110226,,,
28990,79418,110289,,,
29000,79225,110050,,,
29010,79218,110013,,,
29020,79208,110032,,,
29030,79179,109979,,,
29040,79204,109941,,,
29050,79137,109938,,,
29060,79125,109893,,,
29070,79092,109911,,,
29080,79119,109919,,,
29090,79093,109899,,,
29100,79119,109906,,,
29110,79140,109910,,,
29120,79129,109903,,,
29130,79129,109915,,,
29140,79141,109927,,,
29150,79153,109912,,,
29160,79152,109910,,,
29170,79120,109926,,,
29180,79141,109897,,,
29190,79109,109919,,,
29200,79134,109905,,,
29210,79092,109857,,,
29220,79067,109839,,,
29230,79059,109819,,,
29240,79016,109766,,,
29250,79005,109735,,,
29260,78972,109700,,,
29270,78932,109658,,,
29280,78889,109639,,,
29290,78880,109601,,,
29300,78865,109587,,,
29310,78874,109557,,,
29320,78831,109546,,,
29330,78839,109522,,,
29340,78813,109547,,,
29350,78830,109563,,,
29360,78879,109633,,,
29370,78973,109710,,,
29380,79026,109803,,,
29390,79143,109928,,,
29400,79231,110073,,,
29410,79356,110214,,,
29420,79506,110381,,,
29430,79647,110562,,,
29440,79761,110743,,,
29450,79917,110892,,,
29460,80060,111059,,,
29470,80156,111180,,,
29480,80218,111277,,,
29490,80292,111336,,,
29500,80281,111326,,,
29510,80269,111369,,,
29520,80238,111308,,,
29530,80200,111262,,,
29540,80144,111196,,,
29550,80090,111062,,,
29560,80016,111001,,,
29570,79941,110912,,,
29580,79845,110829,,,
29590,79805,110772,,,
29600,79729,110692,,,
29610,79694,110608,,,
29620,79623,110561,,,
29630,79566,110489,,,
29640,79531,110446,,,
29650,79483,110360,,,
29660,79419,110275,,,
29670,79344,110197,,,
29680,79254,110087,,,
29690,79153,109958,,,
29700,79077,109841,,,
29710,78980,109762,,,
29720,78895,109640,,,
29730,78829,109503,,,
29740,78731,109448,,,
29750,78675,109319,,,
29760,78631,109271,,,
29770,78567,109202,,,
29780,78521,109164,,,
29790,78498,109121,,,
29800,78471,109091,,,
29810,78475,109105,,,
29820,78449,109081,,,
29830,78464,109104,,,
29840,78489,109113,,,
29850,78529,109151,,,
29860,78571,109183,,,
29870,78625,109283,,,
29880,78660,109331,,,
29890,78721,109389,,,
29900,78787,109477,,,
29910,78859,109535,,,
29920,78915,109661,,,
29930,79011,109763,,,
29940,79070,109842,,,
29950,79147,109953,,,
29960,79217,110022,,,
29970,79297,110116,,,
29980,79363,110197,,,
29990,79415,110259,,,
30000,79224,110035,,,
30010,79204,110000,,,
30020,79206,110002,,,
30030,79185,109985,,,
30040,79159,109962,,,
30050,79138,109932,,,
30060,79131,109929,,,
30070,79129,109905,,,
30080,79141,109877,,,
30090,79139,109881,,,
30100,79151,109921,,,
30110,79151,109919,,,
30120,79136,109910,,,
30130,79137,109929,,,
30140,79133,109932,,,
30150,79150,109951,,,
30160,79137,109932,,,
30170,79123,109951,,,
30180,79133,109913,,,
30190,79141,109917,,,
30200,79102,109870,,,
30210,79101,109866,,,
30220,79076,109839,,,
30230,79048,109801,,,
30240,79029,109765,,,
30250,78998,109746,,,
30260,78960,109707,,,
30270,78930,109687,,,
30280,78897,109632,,,
30290,78889,109634,,,
30300,78878,109573,,,
30310,78864,109561,,,
30320,78820,109533,,,
30330,78829,109530,,,
30340,78805,109526,,,
30350,78854,109578,,,
30360,78885,109591,,,
30370,78949,109684,,,
30380,79027,109801,,,
30390,79135,109911,,,
30400,79236,110068,,,
30410,79369,110229,,,
30420,79526,110391,,,
30430,79665,110554,,,
30440,79799,110729,,,
30450,79900,110904,,,
30460,80021,111043,,,
30470,80134,111181,,,
30480,80226,111264,,,
30490,80265,111316,,,
30500,80285,111365,,,
30510,80278,111347,,,
30520,80242,111323,,,
30530,80195,111260,,,
30540,80132,111165,,,
30550,80087,111107,,,
30560,79994,110999,,,
30570,79919,110898,,,
30580,79839,110849,,,
30590,79804,110745,,,
30600,79731,110704,,,
30610,79699,110614,,,
30620,79655,110584,,,
30630,79599,110514,,,
30640,79555,110420,,,
30650,79491,110358,,,
30660,79415,110279,,,
30670,79333,110170,,,
30680,79246,110078,,,
30690,79175,109959,,,
30700,79107,109865,,,
30710,78992,109753,,,
30720,78895,109651,,,
30730,78821,109517,,,
30740,78744,109417,,,
30750,78668,109378,,,
30760,78616,109269,,,
30770,78586,109212,,,
30780,78508,109139,,,
30790,78504,109115,,,
30800,78471,109092,,,
30810,78451,109076,,,
30820,78457,109101,,,
30830,78488,109096,,,
30840,78493,109126,,,
30850,78533,109162,,,
30860,78564,109197,,,
30870,78610,109274,,,
30880,78653,109328,,,
30890,78740,109392,,,
30900,78762,109451,,,
30910,78866,109552,,,
30920,78935,109666,,,
30930,79006,109758,,,
30940,79059,109842,,,
30950,79166,109939,,,
30960,79233,110024,,,
30970,79304,110137,,,
30980,79372,110189,,,
30990,79420,110280,,,
31000,79218,110039,,,
31010,79231,110018,,,
31020,79193,110018,,,
31030,79174,109987,,,
31040,79172,109936,,,
31050,79122,109919,,,
31060,79123,109904,,,
31070,79135,109920,,,
31080,79129,109905,,,
31090,79136,109902,,,
31100,79133,109913,,,
31110,79124,109917,,,
31120,79134,109916,,,
31130,79132,109934,,,
31140,79130,109915,,,
31150,79133,109928,,,
31160,79127,109910,,,
31170,79137,109937,,,
31180,79144,109922,,,
31190,79157,109918,,,
31200,79106,109904,,,
31210,79106,109883,,,
31220,79104,109820,,,
31230,79019,109829,,,
31240,79011,109779,,,
31250,79009,109731,,,
31260,78955,109695,,,
31270,78952,109671,,,
31280,78958,109634,,,
31290,78908,109607,,,
31300,78890,109580,,,
31310,78839,109549,,,
31320,78827,109539,,,
31330,78827,109538,,,
31340,78834,109548,,,
31350,78860,109574,,,
31360,78905,109632,,,
31370,78952,109693,,,
31380,79035,109805,,,
31390,79110,109915,,,
31400,79232,110060,,,
31410,79379,110218,,,
31420,79485,110393,,,
31430,79642,110563,,,
31440,79791,110738,,,
31450,79906,110913,,,
31460,80045,111054,,,
31470,80141,111182,,,
31480,80211,111276,,,
31490,80264,111336,,,
31500,80302,111364,,,
31510,80270,111338,,,
31520,80244,111317,,,
31530,80204,111259,,,
31540,80139,111188,,,
31550,80081,111099,,,
31560,80014,110979,,,
31570,79928,110898,,,
31580,79860,110824,,,
31590,79797,110763,,,
31600,79744,110693,,,
31610,79711,110628,,,
31620,79661,110568,,,
31630,79582,110482,,,
31640,79564,110429,,,
31650,79495,110340,,,
31660,79407,110283,,,
31670,79342,110182,,,
31680,79260,110087,,,
31690,79168,109973,,,
31700,79100,109861,,,
31710,78999,109736,,,
31720,78918,109625,,,
31730,78853,109492,,,
31740,78764,109451,,,
31750,78674,109360,,,
31760,78625,109264,,,
31770,78549,109200,,,
31780,78522,109152,,,
31790,78508,109140,,,
31800,78482,109103,,,
31810,78463,109052,,,
31820,78473,109090,,,
31830,78453,109095,,,
31840,78490,109114,,,
31850,78518,109153,,,
31860,78569,109202,,,
31870,78609,109255,,,
31880,78664,109327,,,
31890,78726,109401,,,
31900,78771,109484,,,
31910,78854,109547,,,
31920,78929,109647,,,
31930,78984,109767,,,
31940,79070,109845,,,
31950,79142,109935,,,
31960,79221,110031,,,
31970,79288,110104,,,
31980,79366,110218,,,
31990,79416,110263,,,
32000,79214,110044,,,
32010,79207,110022,,,
32020,79203,110003,,,
32030,79175,109995,,,
32040,79139,109953,,,
32050,79149,109938,,,
32060,79130,109917,,,
32070,79137,109907,,,
32080,79123,109901,,,
32090,79137,109908,,,
32100,79116,109914,,,
32110,79134,109904,,,
32120,79109,109896,,,
32130,79152,109903,,,
32140,79155,109895,,,
32150,79148,109915,,,
32160,79141,109925,,,
32170,79145,109934,,,
32180,79163,109900,,,
32190,79128,109897,,,
32200,79102,109881,,,
32210,79118,109884,,,
32220,79087,109833,,,
32230,79054,109811,,,
32240,79013,109770,,,
32250,78974,109767,,,
32260,78960,109699,,,
32270,78943,109689,,,
32280,78899,109644,,,
32290,78892,109625,,,
32300,78868,109588,,,
32310,78864,109564,,,
32320,78838,109540,,,
32330,78830,109527,,,
32340,78829,109546,,,
32350,78865,109565,,,
32360,78894,109630,,,
32370,78937,109696,,,
32380,79036,109796,,,
32390,79132,109895,,,
32400,79238,110060,,,
32410,79352,110216,,,
32420,79522,110390,,,
32430,79654,110552,,,
32440,79790,110745,,,
32450,79922,110904,,,
32460,80059,111065,,,
32470,80106,111179,,,
32480,80203,111264,,,
32490,80268,111338,,,
32500,80295,111358,,,
32510,80292,111334,,,
32520,80249,111324,,,
32530,80209,111239,,,
32540,80154,111178,,,
32550,80085,111081,,,
32560,80002,111011,,,
32570,79932,110923,,,
32580,79864,110811,,,
32590,79813,110758,,,
32600,79739,110679,,,
32610,79711,110613,,,
32620,79657,110563,,,
32630,79589,110500,,,
32640,79548,110426,,,
32650,79489,110367,,,
32660,79429,110274,,,
32670,79348,110189,,,
32680,79275,110068,,,
32690,79179,109971,,,
32700,79076,109857,,,
32710,78984,109748,,,
32720,78891,109640,,,
32730,78816,109536,,,
32740,78716,109452,,,
32750,78695,109348,,,
32760,78625,109273,,,
32770,78555,109205,,,
32780,78547,109177,,,
32790,78500,109145,,,
32800,78491,109068,,,
32810,78459,109070,,,
32820,78460,109078,,,
32830,78457,109090,,,
32840,78515,109123,,,
32850,78535,109162,,,
32860,78550,109206,,,
32870,78602,109245,,,
32880,78666,109316,,,
32890,78714,109398,,,
32900,78781,109493,,,
32910,78860,109572,,,
32920,78926,109664,,,
32930,79004,109758,,,
32940,79074,109840,,,
32950,79171,109938,,,
32960,79224,110021,,,
32970,79300,110118,,,
32980,79371,110202,,,
32990,79434,110256,,,
33000,79249,110019,,,
33010,79218,110000,,,
33020,79198,110000,,,
33030,79187,109956,,,
33040,79173,109953,,,
33050,79155,109929,,,
33060,79112,109918,,,
33070,79113,109913,,,
33080,79120,109918,,,
33090,79134,109898,,,
33100,79142,109898,,,
33110,79131,109939,,,
33120,79127,109922,,,
33130,79132,109908,,,
33140,79160,109931,,,
33150,79140,109946,,,
33160,79160,109931,,,
33170,79150,109926,,,
33180,79119,109915,,,
33190,79143,109918,,,
33200,79116,109904,,,
33210,79129,109871,,,
33220,79061,109843,,,
33230,79050,109816,,,
33240,79008,109775,,,
33250,78980,109731,,,
33260,78968,109709,,,
33270,78931,109686,,,
33280,78901,109648,,,
33290,78888,109610,,,
33300,78851,109605,,,
33310,78838,109573,,,
33320,78816,109525,,,
33330,78818,109530,,,
33340,78841,109536,,,
33350,78849,109551,,,
33360,78890,109618,,,
33370,78941,109692,,,
33380,79040,109782,,,
33390,79104,109912,,,
33400,79234,110056,,,
33410,79354,110199,,,
33420,79502,110392,,,
33430,79667,110542,,,
33440,79822,110735,,,
33450,79940,110897,,,
33460,80036,111050,,,
33470,80164,111162,,,
33480,80191,111288,,,
33490,80263,111336,,,
33500,80267,111366,,,
33510,80295,111352,,,
33520,80248,111316,,,
33530,80221,111251,,,
33540,80127,111174,,,
33550,80081,111072,,,
33560,80006,110977,,,
33570,79941,110915,,,
33580,79877,110825,,,
33590,79806,110767,,,
33600,79744,110673,,,
33610,79704,110604,,,
33620,79657,110551,,,
33630,79593,110508,,,
33640,79541,110414,,,
33650,79454,110345,,,
33660,79418,110276,,,
33670,79353,110181,,,
33680,79255,110072,,,
33690,79161,109963,,,
33700,79075,109869,,,
33710,78971,109752,,,
33720,78915,109627,,,
33730,78810,109536,,,
33740,78738,109439,,,
33750,78689,109334,,,
33760,78638,109288,,,
33770,78563,109235,,,
33780,78515,109139,,,
33790,78488,109115,,,
33800,78474,109097,,,
33810,78480,109081,,,
33820,78453,109055,,,
33830,78469,109076,,,
33840,78499,109092,,,
33850,78521,109157,,,
33860,78598,109215,,,
33870,78613,109275,,,
33880,78654,109341,,,
33890,78728,109388,,,
33900,78770,109469,,,
33910,78848,109527,,,
33920,78912,109644,,,
33930,78998,109739,,,
33940,79077,109841,,,
33950,79197,109944,,,
33960,79224,110030,,,
33970,79310,110128,,,
33980,79381,110197,,,
33990,79421,110287,,,
34000,79227,110043,,,
34010,79194,110011,,,
34020,79176,110005,,,
34030,79193,109980,,,
34040,79155,109947,,,
34050,79139,109923,,,
34060,79124,109908,,,
34070,79140,109898,,,
34080,79134,109902,,,
34090,79142,109901,,,
34100,79132,109910,,,
34110,79121,109913,,,
34120,79133,109905,,,
34130,79134,109928,,,
34140,79144,109914,,,
34150,79178,109941,,,
34160,79137,109959,,,
34170,79154,109933,,,
34180,79132,109932,,,
34190,79116,109907,,,
34200,79131,109897,,,
34210,79098,109854,,,
34220,79089,109851,,,
34230,79057,109813,,,
34240,79010,109775,,,
34250,78962,109715,,,
34260,78971,109721,,,
34270,78930,109669,,,
34280,78927,109640,,,
34290,78901,109598,,,
34300,78866,109596,,,
34310,78853,109569,,,
34320,78837,109530,,,
34330,78818,109522,,,
34340,78814,109532,,,
34350,78863,109568,,,
34360,78872,109623,,,
34370,78967,109709,,,
34380,79033,109787,,,
34390,79125,109928,,,
34400,79247,110057,,,
34410,79345,110221,,,
34420,79500,110389,,,
34430,79647,110557,,,
34440,79793,110729,,,
34450,79937,110906,,,
34460,80036,111040,,,
34470,80134,111187,,,
34480,80218,111257,,,
34490,80275,111343,,,
34500,80285,111353,,,
34510,80296,111355,,,
34520,80229,111318,,,
34530,80211,111251,,,
34540,80139,111177,,,
34550,80075,111089,,,
34560,80010,111022,,,
34570,79933,110938,,,
34580,79859,110817,,,
34590,79800,110756,,,
34600,79766,110698,,,
34610,79701,110629,,,
34620,79648,110552,,,
34630,79611,110482,,,
34640,79542,110431,,,
34650,79495,110359,,,
34660,79418,110277,,,
34670,79352,110195,,,
34680,79253,110056,,,
34690,79166,109983,,,
34700,79104,109861,,,
34710,78997,109752,,,
34720,78904,109627,,,
34730,78822,109512,,,
34740,78719,109435,,,
34750,78678,109368,,,
34760,78597,109266,,,
34770,78556,109214,,,
34780,78531,109159,,,
34790,78504,109109,,,
34800,78474,109116,,,
34810,78449,109067,,,
34820,78459,109090,,,
34830,78462,109096,,,
34840,78476,109096,,,
34850,78503,109148,,,
34860,78575,109188,,,
34870,78616,109269,,,
34880,78669,109336,,,
34890,78709,109420,,,
34900,78793,109458,,,
34910,78858,109564,,,
34920,78919,109663,,,
34930,78994,109734,,,
34940,79082,109856,,,
34950,79152,109928,,,
34960,79224,110049,,,
34970,79300,110103,,,
34980,79368,110209,,,
34990,79414,110284,,,
35000,79226,110048,,,
35010,79207,110004,,,
35020,79177,109994,,,
35030,79168,109962,,,
35040,79140,109951,,,
35050,79144,109942,,,
35060,79136,109925,,,
35070,79114,109899,,,
35080,79101,109925,,,
35090,79130,109902,,,
35100,79136,109922,,,
35110,79119,109888,,,
35120,79127,109913,,,
35130,79127,109906,,,
35140,79148,109924,,,
35150,79122,109938,,,
35160,79146,109935,,,
35170,79143,109936,,,
35180,79160,109927,,,
35190,79131,109906,,,
35200,79118,109913,,,
35210,79101,109884,,,
35220,79063,109831,,,
35230,79064,109814,,,
35240,78998,109792,,,
35250,78966,109754,,,
35260,78943,109717,,,
35270,78941,109681,,,
35280,78904,109624,,,
35290,78893,109615,,,
35300,78887,109598,,,
35310,78841,109549,,,
35320,78843,109536,,,
35330,78819,109524,,,
35340,78845,109554,,,
35350,78860,109550,,,
35360,78913,109646,,,
35370,78972,109711,,,
35380,79039,109790,,,
35390,79143,109916,,,
35400,79246,110045,,,
35410,79358,110212,,,
35420,79493,110377,,,
35430,79657,110562,,,
35440,79783,110744,,,
35450,79915,110896,,,
35460,80048,111046,,,
35470,80153,111178,,,
35480,80199,111271,,,
35490,80302,111336,,,
35500,80280,111347,,,
35510,80263,111333,,,
35520,80252,111299,,,
35530,80210,111251,,,
35540,80148,111179,,,
35550,80079,111112,,,
35560,79988,111013,,,
35570,79925,110921,,,
35580,79861,110833,,,
35590,79784,110755,,,
35600,79714,110674,,,
35610,79691,110629,,,
35620,79643,110541,,,
35630,79595,110505,,,
35640,79557,110418,,,
35650,79485,110369,,,
35660,79408,110265,,,
35670,79339,110185,,,
35680,79255,110083,,,
35690,79163,109976,,,
35700,79088,109848,,,
35710,79003,109737,,,
35720,78902,109630,,,
35730,78816,109551,,,
35740,78754,109439,,,
35750,78697,109364,,,
35760,78616,109271,,,
35770,78576,109229,,,
35780,78524,109164,,,
35790,78481,109112,,,
35800,78478,109090,,,
35810,78473,109053,,,
35820,78468,109068,,,
35830,78463,109081,,,
35840,78493,109119,,,
35850,78525,109157,,,
35860,78545,109191,,,
35870,78612,109292,,,
35880,78644,109314,,,
35890,78738,109390,,,
35900,78772,109485,,,
35910,78856,109576,,,
35920,78934,109646,,,
35930,78994,109767,,,
35940,79076,109829,,,
35950,79173,109946,,,
35960,79230,110031,,,
35970,79300,110126,,,
35980,79357,110215,,,
35990,79422,110287,,,
36000,79229,110049,,,
36010,79204,110033,,,
36020,79185,110008,,,
36030,79159,109982,,,
36040,79147,109940,,,
36050,79138,109923,,,
36060,79125,109899,,,
36070,79104,109913,,,
36080,79122,109900,,,
36090,79135,109910,,,
36100,79133,109911,,,
36110,79143,109923,,,
36120,79130,109920,,,
36130,79144,109941,,,
36140,79127,109931,,,
36150,79145,109923,,,
36160,79135,109934,,,
36170,79122,109935,,,
36180,79152,109901,,,
36190,79133,109919,,,
36200,79139,109903,,,
36210,79107,109857,,,
36220,79073,109841,,,
36230,79025,109817,,,
36240,79037,109773,,,
36250,78986,109756,,,
36260,78957,109708,,,
36270,78934,109687,,,
36280,78928,109632,,,
36290,78896,109623,,,
36300,78864,109593,,,
36310,78851,109542,,,
36320,78810,109534,,,
36330,78824,109543,,,
36340,78833,109536,,,
36350,78863,109549,,,
36360,78894,109643,,,
36370,78964,109688,,,
36380,79025,109791,,,
36390,79120,109932,,,
36400,79243,110064,,,
36410,79354,110227,,,
36420,79505,110375,,,
36430,79651,110533,,,
36440,79814,110739,,,
36450,79927,110902,,,
36460,80042,111039,,,
36470,80132,111187,,,
36480,80204,111267,,,
36490,80277,111333,,,
36500,80276,111363,,,
36510,80282,111339,,,
36520,80244,111311,,,
36530,80214,111235,,,
36540,80164,111190,,,
36550,80091,111099,,,
36560,80000,111006,,,
36570,79909,110905,,,
36580,79854,110838,,,
36590,79783,110733,,,
36600,79712,110698,,,
36610,79673,110622,,,
36620,79667,110537,,,
36630,79599,110497,,,
36640,79542,110407,,,
36650,79482,110350,,,
36660,79416,110283,,,
36670,79354,110177,,,
36680,79268,110066,,,
36690,79183,109960,,,
36700,79084,109824,,,
36710,79022,109740,,,
36720,78894,109626,,,
36730,78850,109533,,,
36740,78756,109433,,,
36750,78679,109358,,,
36760,78618,109260,,,
36770,78561,109216,,,
36780,78533,109167,,,
36790,78494,109132,,,
36800,78484,109109,,,
36810,78470,109069,,,
36820,78486,109071,,,
36830,78487,109098,,,
36840,78491,109121,,,
36850,78531,109139,,,
36860,78565,109209,,,
36870,78620,109247,,,
36880,78674,109334,,,
36890,78721,109423,,,
36900,78767,109477,,,
36910,78837,109582,,,
36920,78914,109669,,,
36930,78995,109753,,,
36940,79072,109833,,,
36950,79137,109941,,,
36960,79218,110014,,,
36970,79313,110136,,,
36980,79366,110226,,,
36990,79413,110280,,,
37000,79240,110064,,,
37010,79212,109999,,,
37020,79192,109983,,,
37030,79190,109976,,,
37040,79159,109944,,,
37050,79141,109935,,,
37060,79132,109904,,,
37070,79114,109912,,,
37080,79111,109912,,,
37090,79116,109899,,,
37100,79128,109904,,,
37110,79101,109909,,,
37120,79151,109921,,,
37130,79134,109908,,,
37140,79151,109884,,,
37150,79155,109915,,,
37160,79132,109944,,,
37170,79141,109920,,,
37180,79142,109924,,,
37190,79123,109909,,,
37200,79128,109888,,,
37210,79091,109873,,,
37220,79072,109854,,,
37230,79058,109799,,,
37240,79017,109780,,,
37250,78984,109751,,,
37260,78953,109691,,,
37270,78929,109675,,,
37280,78915,109626,,,
37290,78858,109604,,,
37300,78876,109588,,,
37310,78830,109539,,,
37320,78819,109541,,,
37330,78830,109541,,,
37340,78845,109539,,,
37350,78853,109564,,,
37360,78908,109614,,,
37370,78958,109714,,,
37380,79021,109788,,,
37390,79122,109916,,,
37400,79264,110055,,,
37410,79380,110217,,,
37420,79519,110387,,,
37430,79649,110525,,,
37440,79789,110718,,,
37450,79935,110898,,,
37460,80036,111051,,,
37470,80138,111203,,,
37480,80226,111256,,,
37490,80255,111330,,,
37500,80278,111356,,,
37510,80306,111342,,,
37520,80264,111322,,,
37530,80185,111265,,,
37540,80146,111186,,,
37550,80073,111092,,,
37560,80004,111011,,,
37570,79950,110927,,,
37580,79874,110811,,,
37590,79793,110760,,,
37600,79767,110671,,,
37610,79678,110605,,,
37620,79647,110556,,,
37630,79609,110500,,,
37640,79541,110452,,,
37650,79482,110366,,,
37660,79427,110261,,,
37670,79365,110173,,,
37680,79276,110082,,,
37690,79152,109983,,,
37700,79088,109849,,,
37710,78992,109757,,,
37720,78904,109637,,,
37730,78802,109499,,,
37740,78748,109449,,,
37750,78701,109343,,,
37760,78604,109268,,,
37770,78554,109220,,,
37780,78516,109166,,,
37790,78486,109111,,,
37800,78477,109083,,,
37810,78452,109078,,,
37820,78447,109072,,,
37830,78473,109102,,,
37840,78484,109130,,,
37850,78514,109155,,,
37860,78551,109187,,,
37870,78599,109251,,,
37880,78652,109317,,,
37890,78737,109402,,,
37900,78778,109486,,,
37910,78857,109542,,,
37920,78937,109659,,,
37930,79026,109745,,,
37940,79093,109836,,,
37950,79151,109947,,,
37960,79229,110019,,,
37970,79292,110107,,,
37980,79368,110187,,,
37990,79434,110285,,,
38000,79241,110034,,,
38010,79208,110007,,,
38020,79185,110004,,,
38030,79199,109952,,,
38040,79188,109948,,,
38050,79142,109933,,,
38060,79116,109899,,,
38070,79106,109892,,,
38080,79107,109900,,,
38090,79142,109893,,,
38100,79124,109919,,,
38110,79125,109907,,,
38120,79129,109907,,,
38130,79112,109927,,,
38140,79118,109934,,,
38150,79136,109917,,,
38160,79129,109928,,,
38170,79167,109921,,,
38180,79117,109908,,,
38190,79126,109910,,,
38200,79105,109893,,,
38210,79084,109867,,,
38220,79078,109830,,,
38230,79047,109822,,,
38240,79027,109778,,,
38250,78999,109736,,,
38260,78966,109707,,,
38270,78967,109678,,,
38280,78910,109631,,,
38290,78878,109623,,,
38300,78850,109594,,,
38310,78835,109551,,,
38320,78812,109547,,,
38330,78822,109535,,,
38340,78833,109538,,,
38350,78877,109560,,,
38360,78906,109623,,,
38370,78943,109709,,,
38380,79035,109801,,,
38390,79131,109915,,,
38400,79232,110043,,,
38410,79356,110197,,,
38420,79513,110378,,,
38430,79639,110558,,,
38440,79780,110734,,,
38450,79934,110900,,,
38460,80031,111051,,,
38470,80129,111177,,,
38480,80232,111288,,,
38490,80273,111337,,,
38500,80289,111367,,,
38510,80297,111364,,,
38520,80272,111328,,,
38530,80216,111234,,,
38540,80135,111165,,,
38550,80061,111098,,,
38560,79991,110999,,,
38570,79934,110915,,,
38580,79862,110806,,,
38590,79789,110753,,,
38600,79760,110683,,,
38610,79694,110596,,,
38620,79651,110555,,,
38630,79583,110503,,,
38640,79539,110429,,,
38650,79483,110384,,,
38660,79409,110273,,,
38670,79354,110186,,,
38680,79251,110065,,,
38690,79178,109956,,,
38700,79067,109844,,,
38710,78985,109739,,,
38720,78923,109641,,,
38730,78825,109526,,,
38740,78751,109423,,,
38750,78678,109363,,,
38760,78630,109272,,,
38770,78582,109227,,,
38780,78512,109152,,,
38790,78488,109120,,,
38800,78468,109113,,,
38810,78461,109070,,,
38820,78479,109081,,,
38830,78494,109083,,,
38840,78496,109116,,,
38850,78532,109144,,,
38860,78548,109174,,,
38870,78620,109280,,,
38880,78660,109348,,,
38890,78724,109395,,,
38900,78798,109485,,,
38910,78850,109565,,,
38920,78936,109664,,,
38930,78988,109764,,,
38940,79078,109831,,,
38950,79136,109933,,,
38960,79237,110020,,,
38970,79294,110124,,,
38980,79359,110193,,,
38990,79397,110267,,,
39000,79239,110049,,,
39010,79229,110036,,,
39020,79180,110000,,,
39030,79181,109974,,,
39040,79169,109956,,,
39050,79134,109926,,,
39060,79114,109892,,,
39070,79124,109914,,,
39080,79147,109904,,,
39090,79114,109911,,,
39100,79104,109907,,,
39110,79133,109909,,,
39120,79140,109901,,,
39130,79143,109894,,,
39140,79145,109935,,,
39150,79130,109904,,,
39160,79127,109922,,,
39170,79146,109949,,,
39180,79136,109920,,,
39190,79124,109915,,,
39200,79140,109918,,,
39210,79095,109882,,,
39220,79084,109825,,,
39230,79047,109808,,,
39240,79019,109769,,,
39250,78985,109743,,,
39260,78957,109695,,,
39270,78942,109681,,,
39280,78912,109629,,,
39290,78893,109612,,,
39300,78867,109586,,,
39310,78845,109556,,,
39320,78846,109540,,,
39330,78841,109554,,,
39340,78841,109545,,,
39350,78856,109565,,,
39360,78900,109589,,,
39370,78982,109670,,,
39380,79043,109811,,,
39390,79161,109907,,,
39400,79249,110054,,,
39410,79363,110211,,,
39420,79514,110388,,,
39430,79651,110559,,,
39440,79781,110715,,,
39450,79912,110915,,,
39460,80027,111035,,,
39470,80154,111182,,,
39480,80238,111271,,,
39490,80278,111326,,,
39500,80271,111360,,,
39510,80284,111348,,,
39520,80241,111316,,,
39530,80200,111260,,,
39540,80161,111190,,,
39550,80084,111087,,,
39560,80023,111001,,,
39570,79922,110918,,,
39580,79862,110836,,,
39590,79824,110734,,,
39600,79735,110679,,,
39610,79683,110619,,,
39620,79658,110563,,,
39630,79605,110487,,,
39640,79550,110428,,,
39650,79473,110357,,,
39660,79434,110282,,,
39670,79346,110190,,,
39680,79267,110069,,,
39690,79157,109970,,,
39700,79089,109866,,,
39710,79006,109761,,,
39720,78898,109648,,,
39730,78822,109531,,,
39740,78762,109430,,,
39750,78665,109332,,,
39760,78625,109266,,,
39770,78560,109212,,,
39780,78534,109153,,,
39790,78486,109103,,,
39800,78456,109088,,,
39810,78457,109069,,,
39820,78471,109105,,,
39830,78465,109105,,,
39840,78491,109121,,,
39850,78524,109151,,,
39860,78575,109211,,,
39870,78598,109268,,,
39880,78640,109326,,,
39890,78731,109401,,,
39900,78765,109468,,,
39910,78845,109550,,,
39920,78911,109662,,,
39930,78999,109750,,,
39940,79086,109830,,,
39950,79160,109931,,,
39960,79209,110031,,,
39970,79311,110131,,,
39980,79367,110211,,,
39990,79433,110279,,,
